"id","timestamp","truckId","excavatorId","supportEquipmentId","previousStatus","currentStatus","statusReason","location","durationMinutes","remarks"
"cmhsbk1gu0gyemaft3n6pp82t","2025-11-04T17:02:53.548Z","cmhsbjopw04g2maftmyern640",,,"LOADING","DUMPING","Status change recorded","Location-9",105,
"cmhsbk1gx0gygmaft6vkhm0h1","2025-11-04T09:02:53.548Z",,,"cmhsbjqfp05u2maftk21uljel","MAINTENANCE","MAINTENANCE",,"Location-17",173,
"cmhsbk1gy0gyimaftl0dczdem","2025-11-09T07:02:53.548Z",,"cmhsbjpmg05dfmaftsl11lag3",,"MAINTENANCE","BREAKDOWN","Status change recorded","Location-5",109,
"cmhsbk1h00gykmaftznm7ahk8","2025-11-05T07:02:53.548Z",,"cmhsbjpmi05dgmaftjst2wnwq",,"ACTIVE","BREAKDOWN","Status change recorded","Location-6",158,
"cmhsbk1h10gymmaftflvkfqsw","2025-11-03T03:02:53.548Z",,,"cmhsbjqft05u5maft19ilcn0p","MAINTENANCE","ACTIVE","Status change recorded","Location-16",117,
"cmhsbk1h20gyomaft8w50x1qh","2025-11-03T16:02:53.548Z","cmhsbjoq704gcmafttjd66228",,,"LOADING","DUMPING","Status change recorded","Location-8",59,
"cmhsbk1h40gyqmaftj841k5pi","2025-11-03T08:02:53.548Z","cmhsbjoq904gemaft5g164deq",,,"MAINTENANCE","IDLE","Status change recorded","Location-14",75,
"cmhsbk1h50gysmaftk6pcb7lg","2025-11-09T06:02:53.548Z","cmhsbjoqb04ggmaftlbdxmpwk",,,"HAULING","DUMPING","Status change recorded","Location-14",108,
"cmhsbk1h60gyumaft5g8v516i","2025-11-09T12:02:53.548Z","cmhsbjoqc04gimaftmir337bi",,,"LOADING","DUMPING","Status change recorded","Location-11",73,
"cmhsbk1h80gywmaftd8bfcam6","2025-11-06T11:02:53.548Z","cmhsbjoqe04gkmaftp8uc7fmj",,,"LOADING","MAINTENANCE","Status change recorded","Location-11",81,
"cmhsbk1h90gyymaft7r7m5nhr","2025-11-05T04:02:53.548Z","cmhsbjoqg04gmmafty480sn4s",,,"IDLE","LOADING","Status change recorded","Location-13",157,
"cmhsbk1hb0gz0maftuc6um0ol","2025-11-06T16:02:53.548Z",,"cmhsbjpmw05domaftig9etdii",,"BREAKDOWN","IDLE","Status change recorded","Location-17",114,
"cmhsbk1hc0gz2maftiwoz7cor","2025-11-03T21:02:53.548Z","cmhsbjoqk04gqmaftjmlfgz3x",,,"IDLE","IDLE",,"Location-9",161,
"cmhsbk1he0gz4maft7nx0rsnu","2025-11-09T03:02:53.548Z",,"cmhsbjpn005dqmaft3v6fda4v",,"ACTIVE","IDLE","Status change recorded","Location-20",111,
"cmhsbk1hf0gz6maftnsgoa8hu","2025-11-04T07:02:53.548Z",,,"cmhsbjqg705ufmaft1s20inb2","MAINTENANCE","IDLE","Status change recorded","Location-5",29,
"cmhsbk1hg0gz8maftvhq331dh","2025-11-04T09:02:53.548Z",,"cmhsbjpn305dsmaftl2mtnfc9",,"IDLE","MAINTENANCE","Status change recorded","Location-4",66,
"cmhsbk1hh0gzamaftm2x04ns8","2025-11-09T15:02:53.548Z",,"cmhsbjpn405dtmaftqwojgnn0",,"ACTIVE","MAINTENANCE","Status change recorded","Location-7",150,
"cmhsbk1hj0gzcmaftv7m3t6dl","2025-11-09T10:02:53.548Z","cmhsbjoqs04h0maftbbzl5i7c",,,"MAINTENANCE","MAINTENANCE",,"Location-6",95,
"cmhsbk1hk0gzemaftoue6rjoo","2025-11-07T17:02:53.548Z",,,"cmhsbjqgb05ujmaftydkd2si9","IDLE","IDLE",,"Location-15",159,
"cmhsbk1hl0gzgmaft4u9zm1q0","2025-11-03T00:02:53.548Z",,"cmhsbjpn905dwmaftna81kuo2",,"IDLE","BREAKDOWN","Status change recorded","Location-9",53,
"cmhsbk1hm0gzimafttgm111a4","2025-11-05T03:02:53.548Z","cmhsbjoqx04h6maftifh7ltgc",,,"MAINTENANCE","REFUELING","Status change recorded","Location-4",140,
"cmhsbk1hn0gzkmaftazbx3qsv","2025-11-05T11:02:53.548Z","cmhsbjor004h8maftgz255860",,,"DUMPING","LOADING","Status change recorded","Location-6",160,
"cmhsbk1hp0gzmmaftxbfimx98","2025-11-05T03:02:53.548Z",,"cmhsbjpnh05dzmaft8x5aa2ud",,"BREAKDOWN","MAINTENANCE","Status change recorded","Location-2",136,
"cmhsbk1hq0gzomaftnfjun84x","2025-11-04T04:02:53.548Z",,,"cmhsbjqgh05uomaft61izsp3f","MAINTENANCE","MAINTENANCE",,"Location-3",19,
"cmhsbk1hs0gzqmaftmh9wkqke","2025-11-06T01:02:53.548Z",,,"cmhsbjqgj05upmaftr4zqtr3k","MAINTENANCE","MAINTENANCE",,"Location-16",168,
"cmhsbk1hu0gzsmaftcqiyf31a","2025-11-05T21:02:53.548Z",,"cmhsbjpnn05e2maft5qv0ptem",,"BREAKDOWN","BREAKDOWN",,"Location-12",63,
"cmhsbk1hv0gzumaftp8bx6hsz","2025-11-03T07:02:53.548Z","cmhsbjor804himaftpo7veesd",,,"IDLE","DUMPING","Status change recorded","Location-20",79,
"cmhsbk1hw0gzwmaft0ogznjkz","2025-11-06T20:02:53.548Z",,,"cmhsbjqgn05usmaftik26jdny","ACTIVE","MAINTENANCE","Status change recorded","Location-11",14,
"cmhsbk1hy0gzymaft4tm7qky0","2025-11-03T11:02:53.548Z","cmhsbjorb04hmmaftzwlarqhs",,,"IDLE","IDLE",,"Location-2",72,
"cmhsbk1hz0h00maft0fsctkqk","2025-11-06T15:02:53.548Z","cmhsbjord04homaftyoj5y37q",,,"IDLE","DUMPING","Status change recorded","Location-2",144,
"cmhsbk1i00h02maftnsxck5mn","2025-11-08T15:02:53.548Z","cmhsbjorf04hqmaftp8zu0g8r",,,"HAULING","LOADING","Status change recorded","Location-4",134,
"cmhsbk1i10h04maftxdj19n7o","2025-11-08T00:02:53.548Z",,"cmhsbjpny05e8maftpeoh8yrd",,"ACTIVE","MAINTENANCE","Status change recorded","Location-11",173,
"cmhsbk1i20h06maft8bny7tyc","2025-11-08T07:02:53.548Z",,"cmhsbjpo005e9maftke2dlvfj",,"BREAKDOWN","IDLE","Status change recorded","Location-7",83,
"cmhsbk1i30h08maftalno7fpf","2025-11-05T00:02:53.548Z",,"cmhsbjpo205eamaftur3j7yx2",,"BREAKDOWN","MAINTENANCE","Status change recorded","Location-6",135,
"cmhsbk1i50h0amaftcufdtrjv","2025-11-09T01:02:53.548Z",,,"cmhsbjqgv05uzmaftu0b6ae8w","ACTIVE","IDLE","Status change recorded","Location-13",108,
"cmhsbk1i60h0cmaft84alkbga","2025-11-04T14:02:53.548Z","cmhsbjorn04i0maftqxflp8nd",,,"LOADING","REFUELING","Status change recorded","Location-11",149,
"cmhsbk1i80h0emaftp3cic64j","2025-11-08T13:02:53.548Z","cmhsbjorp04i2maftm1rumhlm",,,"MAINTENANCE","MAINTENANCE",,"Location-9",90,
"cmhsbk1i90h0gmaftzuiavj65","2025-11-04T23:02:53.548Z",,,"cmhsbjqgz05v2maftnf09kede","MAINTENANCE","MAINTENANCE",,"Location-9",1,
"cmhsbk1ib0h0imaftv7umjysn","2025-11-05T09:02:53.548Z","cmhsbjors04i6maftcrlaa27c",,,"LOADING","LOADING",,"Location-6",24,
"cmhsbk1ic0h0kmaft4wad5g5u","2025-11-08T20:02:53.548Z",,"cmhsbjpod05egmaft9xjprykc",,"BREAKDOWN","ACTIVE","Status change recorded","Location-13",148,
"cmhsbk1id0h0mmaftiv7sfrvp","2025-11-09T20:02:53.548Z","cmhsbjorw04iamaftznshldnd",,,"IDLE","IDLE",,"Location-18",8,
"cmhsbk1ie0h0omaft9mfekpli","2025-11-06T17:02:53.548Z",,,"cmhsbjqh405v6maftaumjz5rg","ACTIVE","IDLE","Status change recorded","Location-13",26,
"cmhsbk1if0h0qmaftq1a9xvmq","2025-11-06T16:02:53.548Z",,"cmhsbjpoi05ejmaft8nj3ek0v",,"MAINTENANCE","ACTIVE","Status change recorded","Location-11",147,
"cmhsbk1ih0h0smaftavxlnue7","2025-11-05T16:02:53.548Z",,,"cmhsbjqh705v8maftc8zfny06","IDLE","IDLE",,"Location-1",95,
"cmhsbk1ii0h0umaft0had311x","2025-11-03T22:02:53.548Z",,"cmhsbjpol05elmaftble20kq6",,"MAINTENANCE","BREAKDOWN","Status change recorded","Location-13",179,
"cmhsbk1ij0h0wmaftjhcbamkn","2025-11-06T18:02:53.548Z",,"cmhsbjpon05emmaftgb2tkywk",,"BREAKDOWN","MAINTENANCE","Status change recorded","Location-6",67,
"cmhsbk1ik0h0ymaftxta41iu3","2025-11-08T18:02:53.548Z","cmhsbjos604immaftbamo6yen",,,"LOADING","IDLE","Status change recorded","Location-16",20,
"cmhsbk1im0h10maftbo56ua2n","2025-11-07T01:02:53.548Z","cmhsbjos804iomaft1277m7ao",,,"DUMPING","DUMPING",,"Location-16",105,
"cmhsbk1in0h12maft6oukzs92","2025-11-03T07:02:53.548Z",,,"cmhsbjqhc05vdmaftor5y1ixs","IDLE","IDLE",,"Location-12",65,
"cmhsbk1ip0h14maftbbssi8xg","2025-11-06T19:02:53.548Z",,"cmhsbjpow05eqmaft22mdw5nt",,"ACTIVE","BREAKDOWN","Status change recorded","Location-15",21,
"cmhsbk1iq0h16maftvmgx1t30","2025-11-07T08:02:53.548Z","cmhsbjose04iumaftdnqxuzs4",,,"HAULING","REFUELING","Status change recorded","Location-1",113,
"cmhsbk1ir0h18maft008wmguc","2025-11-07T21:02:53.548Z",,"cmhsbjpoz05esmaftj6v8gl35",,"BREAKDOWN","IDLE","Status change recorded","Location-20",14,
"cmhsbk1it0h1amaftwbps6x9n","2025-11-06T14:02:53.548Z","cmhsbjosi04iymaft2led2zmi",,,"MAINTENANCE","IDLE","Status change recorded","Location-9",52,
"cmhsbk1iu0h1cmaftc0tchkdj","2025-11-06T14:02:53.548Z","cmhsbjosj04j0maftixfg8go5",,,"IDLE","REFUELING","Status change recorded","Location-13",151,
"cmhsbk1iv0h1emaftmenhh32f","2025-11-05T06:02:53.548Z",,"cmhsbjpp405evmaftd9mqfhoi",,"IDLE","MAINTENANCE","Status change recorded","Location-19",129,
"cmhsbk1iw0h1gmaftwco6jete","2025-11-09T16:02:53.548Z","cmhsbjosn04j4maft2kky0w17",,,"DUMPING","DUMPING",,"Location-3",154,
"cmhsbk1iy0h1imaft0wpqqlly","2025-11-09T17:02:53.548Z",,,"cmhsbjqhn05vlmaftkwjefmoi","IDLE","ACTIVE","Status change recorded","Location-11",121,
"cmhsbk1iz0h1kmafte1b9c0k5","2025-11-07T07:02:53.548Z","cmhsbjosq04j8maftp5bqsiej",,,"IDLE","HAULING","Status change recorded","Location-5",135,
"cmhsbk1j00h1mmaftw6cbtiup","2025-11-07T11:02:53.548Z",,,"cmhsbjqhq05vnmaftsjximec5","ACTIVE","ACTIVE",,"Location-6",74,
"cmhsbk1j10h1omaftbg0mskf7","2025-11-03T23:02:53.548Z","cmhsbjosu04jcmaft17k0fvmj",,,"MAINTENANCE","LOADING","Status change recorded","Location-16",170,
"cmhsbk1j30h1qmaftkrti8ojz","2025-11-09T22:02:53.548Z",,"cmhsbjpph05f1maftg3odr27w",,"ACTIVE","ACTIVE",,"Location-8",126,
"cmhsbk1j40h1smafta7hzwlxj","2025-11-07T01:02:53.548Z",,,"cmhsbjqht05vqmaftj57xcugf","IDLE","IDLE",,"Location-9",93,
"cmhsbk1j60h1umaftovatczxc","2025-11-06T02:02:53.548Z",,"cmhsbjppl05f3maftr7lm4zsb",,"IDLE","IDLE",,"Location-4",30,
"cmhsbk1j70h1wmafte6e5uhrl","2025-11-05T08:02:53.548Z",,,"cmhsbjqhx05vsmaftuj8psp1f","ACTIVE","ACTIVE",,"Location-4",36,
"cmhsbk1j90h1ymaftuyye2tli","2025-11-07T19:02:53.548Z","cmhsbjot304jmmaft9znwxzsb",,,"DUMPING","REFUELING","Status change recorded","Location-15",113,
"cmhsbk1ja0h20maftxe412ztw","2025-11-05T22:02:53.548Z",,,"cmhsbjqhz05vumaft8t8t1eny","IDLE","IDLE",,"Location-7",36,
"cmhsbk1jb0h22maftc9yeftav","2025-11-08T14:02:53.548Z","cmhsbjot604jqmaftfg7hq35g",,,"DUMPING","LOADING","Status change recorded","Location-6",129,
"cmhsbk1jc0h24maft0idqvirf","2025-11-08T14:02:53.548Z",,"cmhsbjppw05f8maftgxj8mltc",,"ACTIVE","BREAKDOWN","Status change recorded","Location-15",90,
"cmhsbk1jd0h26maftot0hq1z4","2025-11-09T18:02:53.548Z",,"cmhsbjppy05f9maftbz7vzryd",,"IDLE","ACTIVE","Status change recorded","Location-4",151,
"cmhsbk1jf0h28maftbp952kki","2025-11-04T10:02:53.548Z",,,"cmhsbjqi405vymaftop7dvag5","ACTIVE","IDLE","Status change recorded","Location-16",52,
"cmhsbk1jg0h2amaftg78lsh9b","2025-11-04T03:02:53.548Z","cmhsbjote04jymaft9uamx5f1",,,"LOADING","MAINTENANCE","Status change recorded","Location-12",161,
"cmhsbk1jh0h2cmaft8v0k64rh","2025-11-04T07:02:53.548Z",,"cmhsbjpq405fcmaftzxk6pi2i",,"MAINTENANCE","BREAKDOWN","Status change recorded","Location-11",15,
"cmhsbk1ji0h2emaftvuuc56bv","2025-11-07T13:02:53.548Z",,,"cmhsbjqi805w1mafttcopoz11","IDLE","ACTIVE","Status change recorded","Location-10",95,
"cmhsbk1jj0h2gmaft9utbfpcr","2025-11-07T03:02:53.548Z",,"cmhsbjpq805femaftr8i46zr1",,"BREAKDOWN","IDLE","Status change recorded","Location-4",118,
"cmhsbk1jl0h2imaftbcyrt3oj","2025-11-06T16:02:53.548Z","cmhsbjotk04k6maft3pxsg0m8",,,"REFUELING","HAULING","Status change recorded","Location-11",103,
"cmhsbk1jn0h2kmaft4iupo46g","2025-11-07T16:02:53.548Z",,"cmhsbjpqb05fgmaftzx2l1cxu",,"ACTIVE","ACTIVE",,"Location-3",35,
"cmhsbk1jo0h2mmaftq4itaarv","2025-11-07T01:02:53.548Z",,"cmhsbjpqc05fhmaftifg4j90s",,"MAINTENANCE","BREAKDOWN","Status change recorded","Location-5",84,
"cmhsbk1jp0h2omafti89pxm6l","2025-11-05T20:02:53.548Z","cmhsbjotp04kcmaftsdkqz6v7",,,"REFUELING","IDLE","Status change recorded","Location-17",94,
"cmhsbk1jr0h2qmaftq0rg4gsq","2025-11-07T21:02:53.548Z","cmhsbjotr04kemaft6cj0ak08",,,"LOADING","REFUELING","Status change recorded","Location-8",126,
"cmhsbk1js0h2smaftdc5ya6to","2025-11-04T22:02:53.548Z",,,"cmhsbjqih05w8maftkgmjwc7u","IDLE","IDLE",,"Location-13",153,
"cmhsbk1jt0h2umaft9zbn398r","2025-11-08T15:02:53.548Z","cmhsbjotv04kimaftv6u3eu9t",,,"HAULING","IDLE","Status change recorded","Location-18",148,
"cmhsbk1ju0h2wmaftlppe6ebc","2025-11-08T17:02:53.548Z",,"cmhsbjpql05fmmaftdt4m93oz",,"MAINTENANCE","IDLE","Status change recorded","Location-4",165,
"cmhsbk1jv0h2ymaft9e0gq867","2025-11-08T07:02:53.548Z",,"cmhsbjpqn05fnmaftq3dw0j6e",,"BREAKDOWN","IDLE","Status change recorded","Location-14",81,
"cmhsbk1jw0h30maftojhvcx94","2025-11-07T04:02:53.548Z","cmhsbjou004komaftznpuumyf",,,"MAINTENANCE","REFUELING","Status change recorded","Location-3",154,
"cmhsbk1jy0h32maftobm4idrq","2025-11-04T20:02:53.548Z","cmhsbjou104kqmaftsaci32o6",,,"HAULING","HAULING",,"Location-19",91,
"cmhsbk1jz0h34maftw8qelxt2","2025-11-03T11:02:53.548Z",,,"cmhsbjqio05wemaftdnplre79","IDLE","IDLE",,"Location-4",135,
"cmhsbk1k00h36maftjb0ya7v2","2025-11-09T05:02:53.548Z",,"cmhsbjpqt05frmaftj1ctowtb",,"BREAKDOWN","ACTIVE","Status change recorded","Location-13",135,
"cmhsbk1k20h38maftqgjpwedr","2025-11-05T18:02:53.548Z",,,"cmhsbjqiq05wgmaftfpm4kg4y","ACTIVE","IDLE","Status change recorded","Location-4",97,
"cmhsbk1k40h3amaftpzazskmv","2025-11-06T16:02:53.548Z","cmhsbjou904kymaftfc00kpk0",,,"HAULING","LOADING","Status change recorded","Location-12",25,
"cmhsbk1k50h3cmaftdkrkmxce","2025-11-08T03:02:53.548Z","cmhsbjoua04l0maftep2ka2or",,,"IDLE","IDLE",,"Location-14",116,
"cmhsbk1k60h3emaftqrx9tywi","2025-11-07T07:02:53.548Z","cmhsbjouc04l2maftt3kn5y62",,,"MAINTENANCE","LOADING","Status change recorded","Location-6",136,
"cmhsbk1k70h3gmaft0y3bneul","2025-11-07T08:02:53.548Z","cmhsbjoud04l4maftd5t1ep1j",,,"IDLE","HAULING","Status change recorded","Location-12",86,
"cmhsbk1k80h3imaftc4x82zsd","2025-11-05T09:02:53.548Z","cmhsbjouf04l6maftfo84y3za",,,"REFUELING","DUMPING","Status change recorded","Location-19",65,
"cmhsbk1ka0h3kmaftgp6try2s","2025-11-04T23:02:53.548Z","cmhsbjouh04l8maftpxne6xwr",,,"MAINTENANCE","HAULING","Status change recorded","Location-6",113,
"cmhsbk1kb0h3mmaftffjm3cg3","2025-11-08T19:02:53.548Z",,"cmhsbjpr605fzmaft8vys6vf8",,"BREAKDOWN","ACTIVE","Status change recorded","Location-1",15,
"cmhsbk1kc0h3omaftgtao33wd","2025-11-07T22:02:53.548Z","cmhsbjouk04lcmaftylg237k3",,,"REFUELING","LOADING","Status change recorded","Location-7",3,
"cmhsbk1kd0h3qmaft6j6ebnwz","2025-11-05T15:02:53.548Z",,"cmhsbjpr905g1maftfp6bq8tk",,"IDLE","MAINTENANCE","Status change recorded","Location-5",60,
"cmhsbk1ke0h3smaftptek8kw0","2025-11-03T05:02:53.548Z","cmhsbjouo04lgmaftpunj0azg",,,"IDLE","IDLE",,"Location-13",82,
"cmhsbk1kg0h3umaftb0oa6fi1","2025-11-05T02:02:53.548Z",,"cmhsbjprc05g3mafthnstt5gm",,"MAINTENANCE","BREAKDOWN","Status change recorded","Location-18",77,
"cmhsbk1kh0h3wmaft9kr8mmcp","2025-11-03T04:02:53.548Z",,"cmhsbjpre05g4mafto1r21g5a",,"ACTIVE","MAINTENANCE","Status change recorded","Location-16",112,
"cmhsbk1kj0h3ymaftr3wbp4xz","2025-11-04T02:02:53.548Z",,,"cmhsbjqj705wtmafthr8ewpj6","IDLE","ACTIVE","Status change recorded","Location-8",77,
"cmhsbk1kk0h40maft1gv2h6ch","2025-11-08T03:02:53.548Z",,"cmhsbjprh05g6maftdq9hbtcz",,"ACTIVE","ACTIVE",,"Location-16",13,
"cmhsbk1km0h42maftzb5gvb3q","2025-11-05T03:02:53.548Z","cmhsbjouw04lqmafticuejbw2",,,"MAINTENANCE","MAINTENANCE",,"Location-18",165,
"cmhsbk1kn0h44maft8jdt6ohy","2025-11-09T18:02:53.548Z",,"cmhsbjprl05g8maftfimztzca",,"MAINTENANCE","ACTIVE","Status change recorded","Location-9",151,
"cmhsbk1ko0h46mafte492y2xn","2025-11-08T20:02:53.548Z",,,"cmhsbjqjd05wxmaft67wm9nzb","ACTIVE","IDLE","Status change recorded","Location-18",168,
"cmhsbk1kp0h48maftw1l64e42","2025-11-09T16:02:53.548Z","cmhsbjov104lwmaftb5izk2q0",,,"IDLE","IDLE",,"Location-11",84,
"cmhsbk1kq0h4amaftnt4o7w8r","2025-11-07T09:02:53.548Z","cmhsbjov404lymaft9vjdh0qw",,,"LOADING","REFUELING","Status change recorded","Location-14",102,
"cmhsbk1kr0h4cmaftzlu8m2x4","2025-11-04T17:02:53.548Z",,"cmhsbjprr05gcmafta5tm3dj0",,"BREAKDOWN","BREAKDOWN",,"Location-5",35,
"cmhsbk1kt0h4emaftcez1jyec","2025-11-07T20:02:53.548Z",,"cmhsbjprs05gdmaftbmdu170j",,"ACTIVE","IDLE","Status change recorded","Location-18",21,
"cmhsbk1ku0h4gmaftzhx1w5ve","2025-11-08T06:02:53.548Z","cmhsbjov904m4maft7e28cegn",,,"HAULING","REFUELING","Status change recorded","Location-18",145,
"cmhsbk1kv0h4imaftwaa6pxvi","2025-11-09T17:02:53.548Z",,"cmhsbjprv05gfmaftbtm4ogoi",,"BREAKDOWN","MAINTENANCE","Status change recorded","Location-16",62,
"cmhsbk1kw0h4kmaftjgaqn0cg","2025-11-04T07:02:53.548Z","cmhsbjovd04m8maftggkop5wf",,,"LOADING","MAINTENANCE","Status change recorded","Location-5",92,
"cmhsbk1kx0h4mmaftl7nbpf47","2025-11-05T08:02:53.548Z",,,"cmhsbjqjm05x5maftgyuwvxq2","ACTIVE","ACTIVE",,"Location-17",157,
"cmhsbk1kz0h4omaftv11obbfi","2025-11-06T01:02:53.548Z","cmhsbjovg04mcmaftmo0h8ice",,,"DUMPING","LOADING","Status change recorded","Location-1",138,
"cmhsbk1l10h4qmaftfcjbpb1j","2025-11-04T09:02:53.548Z","cmhsbjovh04memaftme7tyawr",,,"REFUELING","DUMPING","Status change recorded","Location-17",132,
"cmhsbk1l20h4smaftlafmzl7v","2025-11-05T14:02:53.548Z",,"cmhsbjps405gkmaftemq0zqgu",,"IDLE","IDLE",,"Location-7",167,
"cmhsbk1l30h4umaft8fqunzis","2025-11-09T09:02:53.548Z","cmhsbjovm04mimafti603otyk",,,"IDLE","LOADING","Status change recorded","Location-8",20,
"cmhsbk1l50h4wmaft7bda31vu","2025-11-07T02:02:53.548Z",,"cmhsbjps705gmmaftr1tec1rm",,"IDLE","ACTIVE","Status change recorded","Location-4",57,
"cmhsbk1l60h4ymaft4hk3z2tc","2025-11-05T11:02:53.548Z","cmhsbjovp04mmmaftqygghyc7",,,"IDLE","LOADING","Status change recorded","Location-6",49,
"cmhsbk1l70h50maftv81t89vc","2025-11-06T14:02:53.548Z","cmhsbjovr04momaftilsjvlo3",,,"REFUELING","LOADING","Status change recorded","Location-20",50,
"cmhsbk1l80h52maftpfu6uoyg","2025-11-04T21:02:53.548Z","cmhsbjovs04mqmaftgfx2elyy",,,"LOADING","MAINTENANCE","Status change recorded","Location-6",93,
"cmhsbk1la0h54maftfx1ui4s1","2025-11-08T00:02:53.548Z",,"cmhsbjpsd05gqmaft4yuee5eb",,"IDLE","BREAKDOWN","Status change recorded","Location-4",50,
"cmhsbk1lb0h56maft08ylwdm9","2025-11-05T03:02:53.548Z","cmhsbjovw04mumaftyil9nyou",,,"MAINTENANCE","HAULING","Status change recorded","Location-7",111,
"cmhsbk1lc0h58maftdi0p5qfk","2025-11-06T11:02:53.548Z","cmhsbjovx04mwmaft4bv0whl9",,,"DUMPING","HAULING","Status change recorded","Location-20",67,
"cmhsbk1ld0h5amaftvfdj4ed2","2025-11-04T12:02:53.548Z",,,"cmhsbjqk105xhmaftcohp9bmv","IDLE","MAINTENANCE","Status change recorded","Location-10",25,
"cmhsbk1lf0h5cmafttdwl6wzk","2025-11-09T11:02:53.548Z",,"cmhsbjpsk05gumaftefngpsru",,"BREAKDOWN","IDLE","Status change recorded","Location-17",42,
"cmhsbk1lg0h5emaftpcylymu0","2025-11-03T07:02:53.548Z",,,"cmhsbjqk405xjmaftehewt784","IDLE","ACTIVE","Status change recorded","Location-8",173,
"cmhsbk1li0h5gmafte0oko77q","2025-11-04T16:02:53.548Z","cmhsbjow504n4maftlcldi06i",,,"HAULING","DUMPING","Status change recorded","Location-15",52,
"cmhsbk1lj0h5imaft6d1khmne","2025-11-04T05:02:53.548Z","cmhsbjow604n6maftmdnge4tc",,,"REFUELING","HAULING","Status change recorded","Location-15",106,
"cmhsbk1lk0h5kmaftjqhcf2ip","2025-11-03T01:02:53.548Z","cmhsbjow804n8maftrert71x1",,,"MAINTENANCE","DUMPING","Status change recorded","Location-11",90,
"cmhsbk1ll0h5mmaft1ze9yh4y","2025-11-09T10:02:53.548Z","cmhsbjow904namafttnziy05g",,,"IDLE","IDLE",,"Location-15",140,
"cmhsbk1ln0h5omaftsijez4gl","2025-11-04T21:02:53.548Z",,"cmhsbjpsv05h0maftynzpt7vx",,"ACTIVE","IDLE","Status change recorded","Location-10",51,
"cmhsbk1lo0h5qmaftmocdznzs","2025-11-05T02:02:53.548Z","cmhsbjowd04nemaft0h30ckad",,,"REFUELING","HAULING","Status change recorded","Location-14",30,
"cmhsbk1lp0h5smafth0pxljud","2025-11-06T12:02:53.548Z",,"cmhsbjpt005h2maftfgcklxc0",,"MAINTENANCE","IDLE","Status change recorded","Location-17",31,
"cmhsbk1lq0h5umaftc38p7pg0","2025-11-05T05:02:53.548Z",,,"cmhsbjqkf05xrmaft8efvf4og","MAINTENANCE","MAINTENANCE",,"Location-19",132,
"cmhsbk1ls0h5wmaftlpicicqi","2025-11-04T21:02:53.548Z","cmhsbjowi04nkmaftefilvsdm",,,"MAINTENANCE","REFUELING","Status change recorded","Location-2",152,
"cmhsbk1lt0h5ymaftehuts3iq","2025-11-05T08:02:53.548Z",,,"cmhsbjqkh05xtmaftblchuhri","MAINTENANCE","IDLE","Status change recorded","Location-15",24,
"cmhsbk1lu0h60maftdvtu3l4i","2025-11-09T09:02:53.548Z","cmhsbjowm04nomaftbiln99nu",,,"MAINTENANCE","LOADING","Status change recorded","Location-2",50,
"cmhsbk1lw0h62maftltfqydj1","2025-11-07T09:02:53.548Z",,"cmhsbjpt905h7mafttv2umjvq",,"MAINTENANCE","IDLE","Status change recorded","Location-7",102,
"cmhsbk1ly0h64maftbb5ze4lj","2025-11-04T19:02:53.548Z",,"cmhsbjptb05h8maftdb3i0zbz",,"ACTIVE","ACTIVE",,"Location-5",42,
"cmhsbk1lz0h66maftb1ebyluo","2025-11-09T11:02:53.548Z","cmhsbjowr04numaft3gxh8x9c",,,"IDLE","LOADING","Status change recorded","Location-9",33,
"cmhsbk1m00h68mafteqbmdkg1","2025-11-05T17:02:53.548Z",,"cmhsbjpte05hamaftsj17pe2r",,"BREAKDOWN","BREAKDOWN",,"Location-1",34,
"cmhsbk1m10h6amaftvfdihi1n","2025-11-06T19:02:53.548Z",,"cmhsbjptg05hbmaftk8s2e3ne",,"IDLE","ACTIVE","Status change recorded","Location-18",22,
"cmhsbk1m30h6cmaftzboq3nfj","2025-11-09T08:02:53.548Z",,,"cmhsbjqkq05y0maft6oc33fcy","IDLE","ACTIVE","Status change recorded","Location-10",152,
"cmhsbk1m40h6emaftfw1jof57","2025-11-09T14:02:53.548Z",,"cmhsbjptj05hdmaft2gsfasqp",,"ACTIVE","BREAKDOWN","Status change recorded","Location-2",122,
"cmhsbk1m50h6gmafttqhzbk49","2025-11-07T14:02:53.548Z",,,"cmhsbjqkt05y2maft42grh2ea","IDLE","MAINTENANCE","Status change recorded","Location-10",35,
"cmhsbk1m60h6imaft3w3r1707","2025-11-03T01:02:53.548Z","cmhsbjox104o6maft1mqpd2yo",,,"IDLE","MAINTENANCE","Status change recorded","Location-7",73,
"cmhsbk1m70h6kmaftd0torwzn","2025-11-06T12:02:53.548Z",,,"cmhsbjqkv05y4maft5ndcbsvf","ACTIVE","IDLE","Status change recorded","Location-9",92,
"cmhsbk1m80h6mmaft0qn71kgk","2025-11-04T17:02:53.548Z","cmhsbjox504oamaftich9xjjj",,,"REFUELING","REFUELING",,"Location-15",144,
"cmhsbk1ma0h6omaftlhkj0you","2025-11-08T16:02:53.548Z","cmhsbjox604ocmaftx2r8wir5",,,"LOADING","DUMPING","Status change recorded","Location-12",151,
"cmhsbk1mc0h6qmaftmr6a4abj","2025-11-05T08:02:53.548Z","cmhsbjox804oemaft1n14n9co",,,"MAINTENANCE","DUMPING","Status change recorded","Location-16",120,
"cmhsbk1me0h6smaft0zx60a4c","2025-11-04T22:02:53.548Z","cmhsbjoxa04ogmaft0a14eng8",,,"HAULING","LOADING","Status change recorded","Location-16",19,
"cmhsbk1mf0h6umaft5hgdximn","2025-11-04T04:02:53.548Z","cmhsbjoxb04oimaftmn15gwmh",,,"HAULING","HAULING",,"Location-2",79,
"cmhsbk1mh0h6wmaftwvkay7oj","2025-11-05T19:02:53.548Z","cmhsbjoxd04okmaftfj73vdit",,,"REFUELING","REFUELING",,"Location-9",19,
"cmhsbk1mi0h6ymaftcklcvjnl","2025-11-09T21:02:53.548Z","cmhsbjoxf04ommaftfralcttk",,,"DUMPING","IDLE","Status change recorded","Location-9",151,
"cmhsbk1mj0h70maft7vwokudb","2025-11-05T03:02:53.548Z","cmhsbjoxh04oomaft7vbybmbu",,,"MAINTENANCE","LOADING","Status change recorded","Location-10",65,
"cmhsbk1mk0h72maftj5er4j7x","2025-11-05T01:02:53.548Z",,"cmhsbjpu405hpmaftee8vqn6l",,"MAINTENANCE","MAINTENANCE",,"Location-20",6,
"cmhsbk1mm0h74maftpo0hkm7q","2025-11-09T01:02:53.548Z",,"cmhsbjpu505hqmaftf97mz66k",,"ACTIVE","IDLE","Status change recorded","Location-18",17,
"cmhsbk1mn0h76maftpup00k6v","2025-11-08T18:02:53.548Z","cmhsbjoxm04oumaftes32wir3",,,"REFUELING","IDLE","Status change recorded","Location-3",91,
"cmhsbk1mo0h78maftuwi2zkyq","2025-11-05T11:02:53.548Z",,"cmhsbjpu805hsmafta5asbtda",,"MAINTENANCE","MAINTENANCE",,"Location-9",125,
"cmhsbk1mp0h7amaftxwk3jkb7","2025-11-09T14:02:53.548Z","cmhsbjoxp04oymaft0jvw7a9c",,,"IDLE","IDLE",,"Location-12",18,
"cmhsbk1mq0h7cmaft205xov6b","2025-11-09T10:02:53.548Z","cmhsbjoxr04p0maftxbndgv10",,,"LOADING","DUMPING","Status change recorded","Location-13",94,
"cmhsbk1ms0h7emaftcpr6qlsi","2025-11-05T18:02:53.548Z","cmhsbjoxs04p2maft5l665eyq",,,"IDLE","HAULING","Status change recorded","Location-17",154,
"cmhsbk1mt0h7gmaft0sa0rcms","2025-11-07T01:02:53.548Z","cmhsbjoxu04p4mafty1sdfsxa",,,"IDLE","MAINTENANCE","Status change recorded","Location-1",171,
"cmhsbk1mv0h7imaftdiystfme","2025-11-03T13:02:53.548Z",,"cmhsbjpui05hxmaft17hsxsoz",,"ACTIVE","MAINTENANCE","Status change recorded","Location-19",11,
"cmhsbk1mw0h7kmaftfhv08804","2025-11-08T11:02:53.548Z",,"cmhsbjpuk05hymaft3vkrxotv",,"IDLE","BREAKDOWN","Status change recorded","Location-1",176,
"cmhsbk1mx0h7mmaftjvscnll6","2025-11-09T20:02:53.548Z",,"cmhsbjpum05hzmaftr6ssefcd",,"ACTIVE","ACTIVE",,"Location-18",155,
"cmhsbk1mz0h7omaftsnx2ic4b","2025-11-08T20:02:53.548Z",,,"cmhsbjqlm05yomaft5phnw2xr","ACTIVE","IDLE","Status change recorded","Location-19",41,
"cmhsbk1n00h7qmaftvtpmke3g","2025-11-09T03:02:53.548Z","cmhsbjoy404pemaftl8iav35s",,,"REFUELING","MAINTENANCE","Status change recorded","Location-11",49,
"cmhsbk1n10h7smaftrphcz2gp","2025-11-03T16:02:53.548Z","cmhsbjoy504pgmaft9bxzm83u",,,"MAINTENANCE","LOADING","Status change recorded","Location-3",140,
"cmhsbk1n20h7umaft5m0aabgk","2025-11-09T00:02:53.548Z","cmhsbjoy704pimaftsuqcko4j",,,"LOADING","LOADING",,"Location-9",82,
"cmhsbk1n30h7wmaftycwxqe4j","2025-11-09T05:02:53.548Z","cmhsbjoy904pkmaftb5eq5kwh",,,"MAINTENANCE","IDLE","Status change recorded","Location-20",97,
"cmhsbk1n40h7ymaftbeavuaem","2025-11-05T17:02:53.548Z",,"cmhsbjpux05i5maft0vjk8sz3",,"BREAKDOWN","IDLE","Status change recorded","Location-8",130,
"cmhsbk1n60h80maftzkz1tbkj","2025-11-09T03:02:53.548Z",,"cmhsbjpuz05i6maftiig1qs7o",,"ACTIVE","BREAKDOWN","Status change recorded","Location-6",10,
"cmhsbk1n70h82maftgkekp4us","2025-11-04T19:02:53.548Z","cmhsbjoye04pqmaftrcvrc87m",,,"DUMPING","IDLE","Status change recorded","Location-4",91,
"cmhsbk1n80h84maft25t3rxva","2025-11-04T14:02:53.548Z",,,"cmhsbjqlw05ywmaft2u7paiee","MAINTENANCE","IDLE","Status change recorded","Location-4",125,
"cmhsbk1n90h86maftn8jvdzlk","2025-11-05T12:02:53.548Z","cmhsbjoyh04pumaftqkoz4ysv",,,"LOADING","IDLE","Status change recorded","Location-6",40,
"cmhsbk1nb0h88maftvn2rylu4","2025-11-04T19:02:53.548Z",,,"cmhsbjqly05yymafthvidhq35","IDLE","MAINTENANCE","Status change recorded","Location-3",129,
"cmhsbk1nd0h8amaftdcxytbmm","2025-11-05T17:02:53.548Z",,,"cmhsbjqlz05yzmaftzhk4zv06","IDLE","MAINTENANCE","Status change recorded","Location-2",73,
"cmhsbk1ne0h8cmaft4j3kaxru","2025-11-06T10:02:53.548Z","cmhsbjoym04q0maftpnv97nmf",,,"IDLE","LOADING","Status change recorded","Location-2",52,
"cmhsbk1nf0h8emaft8lvytyna","2025-11-08T05:02:53.548Z","cmhsbjoyo04q2maft6c4cqc4n",,,"LOADING","MAINTENANCE","Status change recorded","Location-17",176,
"cmhsbk1ng0h8gmaft2ok4i0sm","2025-11-09T10:02:53.548Z","cmhsbjoyp04q4maftkr5p56z9",,,"LOADING","HAULING","Status change recorded","Location-13",16,
"cmhsbk1ni0h8imaftumupnpuc","2025-11-08T21:02:53.548Z",,,"cmhsbjqm505z3maftvdtxkv3f","ACTIVE","MAINTENANCE","Status change recorded","Location-12",144,
"cmhsbk1nj0h8kmafte6ptjvi8","2025-11-07T16:02:53.548Z",,"cmhsbjpvi05igmaftg00xnw1o",,"BREAKDOWN","MAINTENANCE","Status change recorded","Location-6",132,
"cmhsbk1nk0h8mmaftpo4vxuj5","2025-11-08T04:02:53.548Z","cmhsbjoyw04qamaftxaz9qt8h",,,"DUMPING","REFUELING","Status change recorded","Location-20",145,
"cmhsbk1nl0h8omaft7ozagznl","2025-11-08T11:02:53.548Z",,,"cmhsbjqm805z6maftnsyos4jr","ACTIVE","ACTIVE",,"Location-15",71,
"cmhsbk1nn0h8qmaftb77u4kcr","2025-11-04T19:02:53.548Z","cmhsbjoyz04qemaft6cvab62j",,,"REFUELING","MAINTENANCE","Status change recorded","Location-15",166,
"cmhsbk1no0h8smaftp3prt384","2025-11-04T07:02:53.548Z","cmhsbjoz004qgmaftuv2hv9t6",,,"LOADING","DUMPING","Status change recorded","Location-5",26,
"cmhsbk1np0h8umaftlm9fybw9","2025-11-09T22:02:53.548Z","cmhsbjoz204qimaftmqnpz016",,,"REFUELING","HAULING","Status change recorded","Location-17",44,
"cmhsbk1nr0h8wmaftvlrveskb","2025-11-05T01:02:53.548Z","cmhsbjoz404qkmaftlyprnnb2",,,"MAINTENANCE","HAULING","Status change recorded","Location-4",57,
"cmhsbk1ns0h8ymaftbrrilqwi","2025-11-04T06:02:53.548Z","cmhsbjoz504qmmaft0y1yx8bh",,,"REFUELING","DUMPING","Status change recorded","Location-13",1,
"cmhsbk1nu0h90maft7ihic053","2025-11-06T10:02:53.548Z",,"cmhsbjpvx05iomaftxqy99dx1",,"BREAKDOWN","IDLE","Status change recorded","Location-19",104,
"cmhsbk1nv0h92maftbz7x5bem","2025-11-07T11:02:53.548Z","cmhsbjoz904qqmaft218zalld",,,"REFUELING","DUMPING","Status change recorded","Location-18",154,
"cmhsbk1nw0h94maft4q2jetxr","2025-11-09T10:02:53.548Z","cmhsbjozb04qsmaft067ha7wn",,,"MAINTENANCE","IDLE","Status change recorded","Location-3",76,
"cmhsbk1ny0h96maft1j61efcp","2025-11-09T06:02:53.548Z",,,"cmhsbjqmk05zfmaftis1g5bvn","ACTIVE","IDLE","Status change recorded","Location-17",120,
"cmhsbk1nz0h98maft9qifemp2","2025-11-03T13:02:53.548Z",,,"cmhsbjqml05zgmaftjsat3wez","ACTIVE","ACTIVE",,"Location-17",61,
"cmhsbk1o10h9amaftm4fcepq6","2025-11-05T15:02:53.548Z","cmhsbjozr04qymaft0vq26ihf",,,"HAULING","IDLE","Status change recorded","Location-9",68,
"cmhsbk1o20h9cmaftvymgx1pk","2025-11-09T21:02:53.548Z",,,"cmhsbjqmo05zimaft496elamo","IDLE","IDLE",,"Location-11",167,
"cmhsbk1o30h9emafty92qyxw9","2025-11-06T07:02:53.548Z","cmhsbjozx04r2maftdzdcgkxi",,,"HAULING","HAULING",,"Location-16",118,
"cmhsbk1o40h9gmaft5co1uotc","2025-11-03T13:02:53.548Z",,"cmhsbjpwf05iwmaftxjvh3vdu",,"BREAKDOWN","IDLE","Status change recorded","Location-9",11,
"cmhsbk1o60h9imaftlukxjon3","2025-11-07T09:02:53.548Z","cmhsbjp0304r6maftmg57h24m",,,"HAULING","HAULING",,"Location-18",126,
"cmhsbk1o80h9kmafts932kcu9","2025-11-09T12:02:53.548Z",,,"cmhsbjqms05zmmaftzvak29w2","ACTIVE","ACTIVE",,"Location-9",117,
"cmhsbk1o90h9mmaftb8chfm0d","2025-11-06T12:02:53.548Z","cmhsbjp0c04ramaft3i0a5u1u",,,"IDLE","MAINTENANCE","Status change recorded","Location-8",10,
"cmhsbk1ob0h9omaftxjdifihx","2025-11-09T14:02:53.548Z","cmhsbjp0e04rcmaftv4tzdlui",,,"IDLE","HAULING","Status change recorded","Location-7",165,
"cmhsbk1oc0h9qmaft4w38j8g2","2025-11-08T23:02:53.548Z","cmhsbjp0h04remaft8fjukahd",,,"HAULING","MAINTENANCE","Status change recorded","Location-2",39,
"cmhsbk1oe0h9smaftqu1nux5u","2025-11-04T22:02:53.548Z",,"cmhsbjpws05j2maftsxavef55",,"BREAKDOWN","MAINTENANCE","Status change recorded","Location-15",166,
"cmhsbk1of0h9umaftmkr300xy","2025-11-06T19:02:53.548Z",,,"cmhsbjqmy05zrmaftclrdmt0l","MAINTENANCE","IDLE","Status change recorded","Location-13",35,
"cmhsbk1og0h9wmafteagrg4zk","2025-11-06T19:02:53.548Z","cmhsbjp0q04rkmaftitttdag4",,,"MAINTENANCE","LOADING","Status change recorded","Location-12",80,
"cmhsbk1oh0h9ymafttchlwlcj","2025-11-07T04:02:53.548Z",,"cmhsbjpwx05j5maftg1mkutz0",,"IDLE","BREAKDOWN","Status change recorded","Location-18",172,
"cmhsbk1oj0ha0maft288rqr98","2025-11-09T13:02:53.548Z","cmhsbjp0y04romaftggd7fbyb",,,"MAINTENANCE","MAINTENANCE",,"Location-10",36,
"cmhsbk1ok0ha2maftq6d5d192","2025-11-07T21:02:53.548Z",,"cmhsbjpx005j7maft2sox07rc",,"BREAKDOWN","BREAKDOWN",,"Location-9",106,
"cmhsbk1ol0ha4maftb8wx5dbt","2025-11-09T15:02:53.548Z","cmhsbjp1704rsmafth4y2nk0q",,,"IDLE","HAULING","Status change recorded","Location-19",22,
"cmhsbk1on0ha6maft7z2fpn5y","2025-11-06T19:02:53.548Z","cmhsbjp1a04rumaft1hxmic4e",,,"IDLE","IDLE",,"Location-12",177,
"cmhsbk1oo0ha8maftweoqfeni","2025-11-06T06:02:53.548Z",,,"cmhsbjqn705zymaft023rmfpa","ACTIVE","ACTIVE",,"Location-18",68,
"cmhsbk1oq0haamaftkfecwby2","2025-11-06T03:02:53.548Z",,,"cmhsbjqn805zzmaftvjw54ml2","ACTIVE","MAINTENANCE","Status change recorded","Location-11",102,
"cmhsbk1or0hacmaft8xsikf77","2025-11-06T11:02:53.548Z","cmhsbjp1j04s0maftf63un2x5",,,"DUMPING","MAINTENANCE","Status change recorded","Location-17",9,
"cmhsbk1ot0haemaftzpvkodyg","2025-11-05T01:02:53.548Z",,"cmhsbjpxb05jdmaftc3tffn2e",,"ACTIVE","ACTIVE",,"Location-8",138,
"cmhsbk1ou0hagmafti4f1qjed","2025-11-06T00:02:53.548Z",,"cmhsbjpxc05jemaftk72uit3a",,"BREAKDOWN","IDLE","Status change recorded","Location-13",131,
"cmhsbk1ov0haimaft1eto0dxk","2025-11-06T00:02:53.548Z",,,"cmhsbjqnd0603mafts5lwg42l","IDLE","IDLE",,"Location-20",129,
"cmhsbk1ow0hakmaftn6nehnfv","2025-11-05T00:02:53.548Z",,"cmhsbjpxg05jgmaft9ywv3oam",,"MAINTENANCE","IDLE","Status change recorded","Location-5",155,
"cmhsbk1oy0hammaft38mumdme","2025-11-06T18:02:53.548Z","cmhsbjp1y04samaft8pzxijgj",,,"DUMPING","MAINTENANCE","Status change recorded","Location-14",78,
"cmhsbk1oz0haomaft9idaabnl","2025-11-03T11:02:53.548Z","cmhsbjp2304scmaft5gj1drxl",,,"LOADING","DUMPING","Status change recorded","Location-17",20,
"cmhsbk1p00haqmaftkgf757yn","2025-11-05T18:02:53.548Z","cmhsbjp2604semaftseo5bb4k",,,"IDLE","MAINTENANCE","Status change recorded","Location-9",31,
"cmhsbk1p10hasmaftubx7tttj","2025-11-05T10:02:53.548Z",,,"cmhsbjqnj0608mafttaa269uw","MAINTENANCE","IDLE","Status change recorded","Location-13",115,
"cmhsbk1p20haumaft93ndclre","2025-11-07T02:02:53.548Z","cmhsbjp2b04simaftt2wpdomh",,,"MAINTENANCE","DUMPING","Status change recorded","Location-5",42,
"cmhsbk1p30hawmaft073pxpft","2025-11-08T14:02:53.548Z","cmhsbjp2e04skmafttpvi7vm2",,,"LOADING","DUMPING","Status change recorded","Location-2",19,
"cmhsbk1p50haymaft54bznegq","2025-11-03T15:02:53.548Z","cmhsbjp2h04smmaftrz16r4hn",,,"REFUELING","REFUELING",,"Location-20",58,
"cmhsbk1p70hb0maftlae1p9wu","2025-11-09T11:02:53.548Z","cmhsbjp2k04somaftq922ny2p",,,"MAINTENANCE","MAINTENANCE",,"Location-8",106,
"cmhsbk1p80hb2maftf73ewir2","2025-11-09T00:02:53.548Z","cmhsbjp2n04sqmafty6xdqaqk",,,"HAULING","LOADING","Status change recorded","Location-14",88,
"cmhsbk1p90hb4maft7ipx12ck","2025-11-05T11:02:53.548Z",,"cmhsbjpxx05jqmaftyc7x9ior",,"BREAKDOWN","MAINTENANCE","Status change recorded","Location-15",104,
"cmhsbk1pb0hb6mafty22s2jcj","2025-11-04T01:02:53.549Z","cmhsbjp2r04sumaftbft3507s",,,"IDLE","REFUELING","Status change recorded","Location-4",127,
"cmhsbk1pc0hb8maftcdf5dwaj","2025-11-09T06:02:53.549Z","cmhsbjp2u04swmaftqxq3zy0x",,,"HAULING","LOADING","Status change recorded","Location-5",49,
"cmhsbk1pd0hbamaftj4d7xoi3","2025-11-08T10:02:53.549Z","cmhsbjp2w04symaftbk70w8qr",,,"DUMPING","MAINTENANCE","Status change recorded","Location-17",160,
"cmhsbk1pe0hbcmaft4ohnbs42","2025-11-04T14:02:53.549Z",,"cmhsbjpy405jumaft8zl02xcq",,"MAINTENANCE","IDLE","Status change recorded","Location-14",153,
"cmhsbk1pf0hbemaftujxs3q8q","2025-11-09T03:02:53.549Z","cmhsbjp3204t2maft01139bck",,,"LOADING","LOADING",,"Location-2",50,
"cmhsbk1pg0hbgmaftgznwgww7","2025-11-03T05:02:53.549Z",,"cmhsbjpy705jwmaftpoz22tys",,"BREAKDOWN","IDLE","Status change recorded","Location-13",18,
"cmhsbk1pi0hbimaftfaoawfbg","2025-11-08T00:02:53.549Z","cmhsbjp3604t6mafttja7sx16",,,"DUMPING","IDLE","Status change recorded","Location-17",45,
"cmhsbk1pj0hbkmaft5jr5j0aa","2025-11-03T01:02:53.549Z",,"cmhsbjpya05jymaft2p9mglbk",,"IDLE","MAINTENANCE","Status change recorded","Location-19",162,
"cmhsbk1pk0hbmmaftcy7jlxqf","2025-11-03T02:02:53.549Z",,"cmhsbjpyc05jzmaftvphnkxhh",,"ACTIVE","ACTIVE",,"Location-10",137,
"cmhsbk1pm0hbomaftocj4b9xv","2025-11-07T00:02:53.549Z","cmhsbjp3b04tcmaftd91lnhm8",,,"DUMPING","MAINTENANCE","Status change recorded","Location-15",111,
"cmhsbk1pn0hbqmaftrltxs9nq","2025-11-06T20:02:53.549Z",,,"cmhsbjqo5060pmaft7tt9540t","IDLE","IDLE",,"Location-11",155,
"cmhsbk1pp0hbsmaft5unb7bpi","2025-11-09T15:02:53.549Z","cmhsbjp3f04tgmaftabfuyty6",,,"REFUELING","REFUELING",,"Location-18",161,
"cmhsbk1pq0hbumaft4jj9kj0c","2025-11-03T03:02:53.549Z",,,"cmhsbjqo7060rmaftys286bbf","IDLE","MAINTENANCE","Status change recorded","Location-10",83,
"cmhsbk1pr0hbwmaft22j5l09w","2025-11-07T02:02:53.549Z",,"cmhsbjpyl05k4maftx525v5og",,"BREAKDOWN","IDLE","Status change recorded","Location-20",133,
"cmhsbk1ps0hbymaft1f1u00pb","2025-11-05T14:02:53.549Z",,"cmhsbjpyn05k5maftcgr61gjm",,"ACTIVE","IDLE","Status change recorded","Location-8",130,
"cmhsbk1pu0hc0maft4kenqvnc","2025-11-04T07:02:53.549Z","cmhsbjp3o04tomaftz1qkgt1k",,,"HAULING","IDLE","Status change recorded","Location-3",86,
"cmhsbk1pv0hc2maftmcqm6tw9","2025-11-04T10:02:53.549Z","cmhsbjp3r04tqmaftpstqnunn",,,"MAINTENANCE","DUMPING","Status change recorded","Location-19",44,
"cmhsbk1pw0hc4maftnxy4xhkj","2025-11-09T07:02:53.549Z","cmhsbjp3t04tsmaftp2j4nhx2",,,"LOADING","DUMPING","Status change recorded","Location-5",172,
"cmhsbk1px0hc6maftu1mbqcs7","2025-11-07T17:02:53.549Z",,,"cmhsbjqof060xmaft9lvveu6y","MAINTENANCE","IDLE","Status change recorded","Location-1",164,
"cmhsbk1py0hc8maftdyi9g5xz","2025-11-03T05:02:53.549Z","cmhsbjp3z04twmaftfvotq1sd",,,"MAINTENANCE","MAINTENANCE",,"Location-5",12,
"cmhsbk1pz0hcamaftq4n7gvmo","2025-11-06T18:02:53.549Z",,"cmhsbjpyy05kbmaftc6wlzmyq",,"ACTIVE","IDLE","Status change recorded","Location-8",138,
"cmhsbk1q10hccmafttr3qzmyn","2025-11-05T00:02:53.549Z",,"cmhsbjpz005kcmaftofeqsf4u",,"IDLE","IDLE",,"Location-14",69,
"cmhsbk1q20hcemaft9oarqwe1","2025-11-05T09:02:53.549Z","cmhsbjp4504u2maft4n3rd91x",,,"DUMPING","LOADING","Status change recorded","Location-14",54,
"cmhsbk1q40hcgmaftpkjjs9x5","2025-11-03T06:02:53.549Z",,"cmhsbjpz305kemaftp7k069fc",,"ACTIVE","MAINTENANCE","Status change recorded","Location-10",76,
"cmhsbk1q50hcimaft0jnke2lp","2025-11-07T18:02:53.549Z","cmhsbjp4904u6maft6u3bbz27",,,"DUMPING","HAULING","Status change recorded","Location-14",34,
"cmhsbk1q70hckmafthb0iiwh1","2025-11-04T11:02:53.549Z","cmhsbjp4a04u8maft7gmf1822",,,"MAINTENANCE","IDLE","Status change recorded","Location-13",28,
"cmhsbk1q80hcmmaftc0d18hpn","2025-11-03T08:02:53.549Z",,,"cmhsbjqop0615maftm2xgfakf","IDLE","IDLE",,"Location-4",142,
"cmhsbk1q90hcomafthzrepc9v","2025-11-06T09:02:53.549Z",,,"cmhsbjqoq0616maftj6la7qg0","IDLE","IDLE",,"Location-13",147,
"cmhsbk1qa0hcqmafttyd3orpo","2025-11-06T19:02:53.549Z","cmhsbjp4g04uemaftg9mmip1l",,,"IDLE","LOADING","Status change recorded","Location-11",57,
"cmhsbk1qb0hcsmaftxzgttdiu","2025-11-05T23:02:53.549Z","cmhsbjp4i04ugmafttgfte6bk",,,"LOADING","HAULING","Status change recorded","Location-17",27,
"cmhsbk1qc0hcumaftc14s2479","2025-11-06T23:02:53.549Z","cmhsbjp4j04uimaftu4tywtl9",,,"HAULING","REFUELING","Status change recorded","Location-19",15,
"cmhsbk1qe0hcwmafthu6eo3u4","2025-11-09T14:02:53.549Z",,"cmhsbjpzi05kmmaftychi2zk2",,"BREAKDOWN","ACTIVE","Status change recorded","Location-7",77,
"cmhsbk1qf0hcymaft5ub0q3rk","2025-11-08T12:02:53.549Z",,"cmhsbjpzk05knmaftmy9p94uf",,"ACTIVE","BREAKDOWN","Status change recorded","Location-14",54,
"cmhsbk1qg0hd0maftjtt89por","2025-11-06T03:02:53.549Z",,"cmhsbjpzl05komaftbjov91rd",,"BREAKDOWN","ACTIVE","Status change recorded","Location-3",46,
"cmhsbk1qh0hd2maftkvdg1f8c","2025-11-09T09:02:53.549Z",,"cmhsbjpzn05kpmaftmili5lrx",,"IDLE","MAINTENANCE","Status change recorded","Location-20",48,
"cmhsbk1qj0hd4maftrdcnq4fe","2025-11-07T16:02:53.549Z","cmhsbjp4r04usmaft64499d7u",,,"DUMPING","DUMPING",,"Location-17",19,
"cmhsbk1ql0hd6mafta7fup6v8","2025-11-04T05:02:53.549Z","cmhsbjp4t04uumafttm0u4tyw",,,"LOADING","REFUELING","Status change recorded","Location-13",166,
"cmhsbk1qm0hd8mafttmuqa34m","2025-11-07T16:02:53.549Z","cmhsbjp4v04uwmaft2x649svi",,,"REFUELING","DUMPING","Status change recorded","Location-8",77,
"cmhsbk1qn0hdamaftb32ki1lh","2025-11-06T14:02:53.549Z",,,"cmhsbjqp4061hmaft7ih6tq67","ACTIVE","ACTIVE",,"Location-17",99,
"cmhsbk1qo0hdcmaft86js0ewv","2025-11-03T05:02:53.549Z","cmhsbjp4z04v0maftnwj961pq",,,"DUMPING","DUMPING",,"Location-13",90,
"cmhsbk1qq0hdemaftaejwbdf6","2025-11-03T01:02:53.549Z",,"cmhsbjpzz05kvmaftw2blc4a4",,"MAINTENANCE","BREAKDOWN","Status change recorded","Location-19",90,
"cmhsbk1qr0hdgmaft3z1w2683","2025-11-08T02:02:53.549Z",,"cmhsbjq0005kwmafty4zso79c",,"IDLE","IDLE",,"Location-13",168,
"cmhsbk1qs0hdimaftdo6nzdgy","2025-11-03T00:02:53.549Z","cmhsbjp5404v6maft4145lty8",,,"LOADING","DUMPING","Status change recorded","Location-5",154,
"cmhsbk1qt0hdkmaftlnyzqx9w","2025-11-07T07:02:53.549Z",,,"cmhsbjqpb061mmaft6eu2tq8d","IDLE","MAINTENANCE","Status change recorded","Location-10",17,
"cmhsbk1qu0hdmmafttwvkuf8v","2025-11-08T19:02:53.549Z","cmhsbjp5704vamaftk18x207x",,,"HAULING","REFUELING","Status change recorded","Location-20",31,
"cmhsbk1qv0hdomaftrgffxt2s","2025-11-05T07:02:53.549Z",,"cmhsbjq0705l0maft49l3i5ef",,"IDLE","MAINTENANCE","Status change recorded","Location-1",84,
"cmhsbk1qx0hdqmaftl90ai4q2","2025-11-03T09:02:53.549Z","cmhsbjp5b04vemafte2z5o52z",,,"LOADING","REFUELING","Status change recorded","Location-14",83,
"cmhsbk1qy0hdsmaftdockuh07","2025-11-08T04:02:53.549Z","cmhsbjp5c04vgmaft5ijwuz47",,,"LOADING","REFUELING","Status change recorded","Location-11",17,
"cmhsbk1qz0hdumaftmjzk95vb","2025-11-09T03:02:53.549Z","cmhsbjp5e04vimafthtylaw10",,,"REFUELING","REFUELING",,"Location-10",102,
"cmhsbk1r10hdwmaftaz1r7yro","2025-11-04T18:02:53.549Z",,"cmhsbjq0e05l4maftys6b9z9o",,"IDLE","ACTIVE","Status change recorded","Location-18",51,
"cmhsbk1r30hdymaftpwd86yhk","2025-11-09T19:02:53.549Z",,,"cmhsbjqpk061tmaft5jqrdyov","IDLE","MAINTENANCE","Status change recorded","Location-11",96,
"cmhsbk1r40he0maft8wbu02yu","2025-11-03T03:02:53.549Z","cmhsbjp5j04vomaftbdmhy6sn",,,"MAINTENANCE","IDLE","Status change recorded","Location-11",143,
"cmhsbk1r50he2maft10un8y2p","2025-11-09T08:02:53.549Z","cmhsbjp5k04vqmaftw3f47ayo",,,"HAULING","DUMPING","Status change recorded","Location-15",82,
"cmhsbk1r60he4maftfet45wqd","2025-11-05T09:02:53.549Z","cmhsbjp5m04vsmaftaculk00p",,,"LOADING","IDLE","Status change recorded","Location-7",117,
"cmhsbk1r80he6maftcp95dlf4","2025-11-05T05:02:53.549Z",,,"cmhsbjqpo061xmaftxi2nrxch","ACTIVE","IDLE","Status change recorded","Location-9",115,
"cmhsbk1r90he8maft8702zm39","2025-11-08T13:02:53.549Z",,"cmhsbjq0o05lamaftlndwrnaf",,"MAINTENANCE","BREAKDOWN","Status change recorded","Location-17",47,
"cmhsbk1ra0heamaftuoh58qsr","2025-11-06T22:02:53.549Z",,"cmhsbjq0q05lbmaftcn5brgdv",,"BREAKDOWN","MAINTENANCE","Status change recorded","Location-13",28,
"cmhsbk1rb0hecmaft9tsyyiya","2025-11-06T21:02:53.549Z",,"cmhsbjq0s05lcmaftoyzbqbyj",,"BREAKDOWN","IDLE","Status change recorded","Location-4",157,
"cmhsbk1rd0heemaftbc43oy8t","2025-11-09T19:02:53.549Z","cmhsbjp5v04w2maftrt5k27sf",,,"REFUELING","MAINTENANCE","Status change recorded","Location-6",91,
"cmhsbk1re0hegmaft8f9is60s","2025-11-05T03:02:53.549Z",,,"cmhsbjqpv0622maft01foumtu","IDLE","ACTIVE","Status change recorded","Location-7",74,
"cmhsbk1rf0heimaft6ove6xs7","2025-11-05T07:02:53.549Z",,"cmhsbjq0y05lfmaft9m8jreg3",,"BREAKDOWN","ACTIVE","Status change recorded","Location-16",110,
"cmhsbk1rh0hekmaftz7ry4483","2025-11-03T04:02:53.549Z","cmhsbjp6004w8maftu9hawnph",,,"REFUELING","LOADING","Status change recorded","Location-8",37,
"cmhsbk1ri0hemmaftixl3rl1i","2025-11-07T11:02:53.549Z",,,"cmhsbjqpz0625maft26kriwp9","ACTIVE","ACTIVE",,"Location-11",1,
"cmhsbk1rk0heomaftpqo1k1s9","2025-11-06T19:02:53.549Z","cmhsbjp6404wcmaft06wfm95l",,,"MAINTENANCE","DUMPING","Status change recorded","Location-16",79,
"cmhsbk1rl0heqmaft8ykvvb80","2025-11-08T01:02:53.549Z",,,"cmhsbjqq10627maftucxav2m7","IDLE","MAINTENANCE","Status change recorded","Location-7",46,
"cmhsbk1rm0hesmaftyxt8lqry","2025-11-09T19:02:53.549Z",,"cmhsbjq1605lkmafte3f7adkl",,"BREAKDOWN","MAINTENANCE","Status change recorded","Location-5",109,
"cmhsbk1rn0heumaftd7fcfhil","2025-11-07T02:02:53.549Z",,,"cmhsbjqq30629maftz9u2wdfq","MAINTENANCE","IDLE","Status change recorded","Location-7",28,
"cmhsbk1ro0hewmaft61x3dnzn","2025-11-09T20:02:53.549Z","cmhsbjp6c04wkmaft0q3wfhhm",,,"HAULING","DUMPING","Status change recorded","Location-4",51,
"cmhsbk1rq0heymaftqc8jyw43","2025-11-04T15:02:53.549Z","cmhsbjp6d04wmmaftj8oc4m76",,,"DUMPING","HAULING","Status change recorded","Location-19",83,
"cmhsbk1rr0hf0maft5c3ke6jh","2025-11-06T08:02:53.549Z",,"cmhsbjq1e05lomaftadgq8vpe",,"MAINTENANCE","ACTIVE","Status change recorded","Location-9",62,
"cmhsbk1rs0hf2maftinvh4em9","2025-11-05T01:02:53.549Z","cmhsbjp6h04wqmaft66jub66o",,,"REFUELING","REFUELING",,"Location-2",134,
"cmhsbk1rt0hf4maft71v6o8c2","2025-11-07T21:02:53.549Z",,"cmhsbjq1h05lqmaftrtyajpmo",,"BREAKDOWN","IDLE","Status change recorded","Location-18",80,
"cmhsbk1ru0hf6maft2v765amr","2025-11-06T04:02:53.549Z",,,"cmhsbjqqb062fmaftbwcorhnt","ACTIVE","MAINTENANCE","Status change recorded","Location-8",175,
"cmhsbk1rw0hf8maft7qzniuiu","2025-11-05T03:02:53.549Z",,"cmhsbjq1l05lsmaftc7l8prrk",,"ACTIVE","MAINTENANCE","Status change recorded","Location-3",48,
"cmhsbk1ry0hfamaftjair44q8","2025-11-05T12:02:53.549Z","cmhsbjp6s04wymaftmoqegtyl",,,"REFUELING","HAULING","Status change recorded","Location-4",97,
"cmhsbk1rz0hfcmaftar81o66f","2025-11-06T22:02:53.549Z",,,"cmhsbjqqf062imaftxlejwz2u","MAINTENANCE","MAINTENANCE",,"Location-4",37,
"cmhsbk1s00hfemaft1647qdgs","2025-11-05T06:02:53.549Z","cmhsbjp6x04x2maft0svaqprr",,,"HAULING","HAULING",,"Location-5",103,
"cmhsbk1s20hfgmaftf8c0b2es","2025-11-03T21:02:53.549Z",,"cmhsbjq1s05lwmaft9u7zrqd6",,"BREAKDOWN","MAINTENANCE","Status change recorded","Location-11",111,
"cmhsbk1s30hfimaft6h0aorwy","2025-11-04T17:02:53.549Z",,"cmhsbjq1u05lxmaftxw9ca9rz",,"BREAKDOWN","MAINTENANCE","Status change recorded","Location-5",61,
"cmhsbk1s40hfkmaftuotnh6a2","2025-11-03T18:02:53.549Z",,"cmhsbjq1w05lymaftf61lslj1",,"IDLE","MAINTENANCE","Status change recorded","Location-18",176,
"cmhsbk1s50hfmmaftbkrz1oue","2025-11-04T16:02:53.549Z",,"cmhsbjq1x05lzmaft3a8ax7ac",,"MAINTENANCE","BREAKDOWN","Status change recorded","Location-6",142,
"cmhsbk1s60hfomafttxlsc04c","2025-11-04T18:02:53.549Z",,"cmhsbjq1z05m0maftuw5yl77u",,"BREAKDOWN","BREAKDOWN",,"Location-11",59,
"cmhsbk1s70hfqmaftsidfvs53","2025-11-03T00:02:53.549Z",,,"cmhsbjqqn062pmafthbvqhduw","IDLE","ACTIVE","Status change recorded","Location-7",104,
"cmhsbk1sa0hfsmaftqv7un5kq","2025-11-06T16:02:53.549Z","cmhsbjp7a04xgmaft81jn9t3f",,,"LOADING","MAINTENANCE","Status change recorded","Location-17",32,
"cmhsbk1sb0hfumafthsh0hyxg","2025-11-05T05:02:53.549Z","cmhsbjp7c04ximaftfuoynrcz",,,"DUMPING","REFUELING","Status change recorded","Location-14",30,
"cmhsbk1sc0hfwmaftgy295ubu","2025-11-05T19:02:53.549Z","cmhsbjp7d04xkmaftos5p2b05",,,"HAULING","MAINTENANCE","Status change recorded","Location-6",139,
"cmhsbk1se0hfymaftl2f8g4u4","2025-11-05T06:02:53.549Z","cmhsbjp7f04xmmaftiwiryvrn",,,"REFUELING","DUMPING","Status change recorded","Location-4",21,
"cmhsbk1sf0hg0maftyclxciih","2025-11-06T07:02:53.549Z","cmhsbjp7h04xomafth055n87q",,,"REFUELING","HAULING","Status change recorded","Location-18",101,
"cmhsbk1sh0hg2maft8lmmkw54","2025-11-07T22:02:53.549Z",,"cmhsbjq2d05m7maft7mpd75h3",,"BREAKDOWN","MAINTENANCE","Status change recorded","Location-20",46,
"cmhsbk1si0hg4mafti03j3sv0","2025-11-03T04:02:53.549Z","cmhsbjp7k04xsmaft0z7o38co",,,"DUMPING","IDLE","Status change recorded","Location-19",68,
"cmhsbk1sj0hg6mafto7l0rdpe","2025-11-05T22:02:53.549Z",,"cmhsbjq2h05m9maftsld6vy4g",,"IDLE","MAINTENANCE","Status change recorded","Location-2",82,
"cmhsbk1sk0hg8maftl1b5bx43","2025-11-06T19:02:53.549Z","cmhsbjp7o04xwmaftdmtqbjh7",,,"REFUELING","LOADING","Status change recorded","Location-9",21,
"cmhsbk1sl0hgamaft3x1o8mtv","2025-11-06T03:02:53.549Z","cmhsbjp7q04xymaftr35pr625",,,"REFUELING","MAINTENANCE","Status change recorded","Location-18",156,
"cmhsbk1sm0hgcmaftifkrs9dy","2025-11-08T16:02:53.549Z","cmhsbjp7s04y0maftk1t7vb4m",,,"REFUELING","REFUELING",,"Location-7",171,
"cmhsbk1so0hgemaftojp3d2il","2025-11-09T00:02:53.549Z",,,"cmhsbjqr20631maftgmvgfl5m","MAINTENANCE","ACTIVE","Status change recorded","Location-8",135,
"cmhsbk1sp0hggmaft8xblf0se","2025-11-03T09:02:53.549Z","cmhsbjp7v04y4mafte61o4v1a",,,"HAULING","REFUELING","Status change recorded","Location-16",53,
"cmhsbk1sq0hgimaftsjq3x6eu","2025-11-05T18:02:53.549Z",,"cmhsbjq2t05mfmaftvfofiub9",,"BREAKDOWN","ACTIVE","Status change recorded","Location-12",178,
"cmhsbk1sr0hgkmaft4n8w8o38","2025-11-08T18:02:53.549Z","cmhsbjp7y04y8maft0v7ojo9r",,,"HAULING","REFUELING","Status change recorded","Location-4",132,
"cmhsbk1ss0hgmmaft77ucmxw3","2025-11-08T16:02:53.549Z","cmhsbjp8004yamafts378f3qm",,,"DUMPING","MAINTENANCE","Status change recorded","Location-7",73,
"cmhsbk1su0hgomaftw1d9l0c4","2025-11-03T09:02:53.549Z","cmhsbjp8204ycmaftppqu61j5",,,"LOADING","REFUELING","Status change recorded","Location-1",175,
"cmhsbk1sw0hgqmaftbs4bevv3","2025-11-09T10:02:53.549Z",,,"cmhsbjqrb0637maftuzzpf33e","IDLE","ACTIVE","Status change recorded","Location-1",69,
"cmhsbk1sx0hgsmaftxlp6uen6","2025-11-07T00:02:53.549Z","cmhsbjp8604ygmaft81lfbdkr",,,"REFUELING","MAINTENANCE","Status change recorded","Location-1",66,
"cmhsbk1sy0hgumaft9s4yrq2r","2025-11-08T02:02:53.549Z",,,"cmhsbjqrd0639maft7jeqfpm6","MAINTENANCE","IDLE","Status change recorded","Location-12",178,
"cmhsbk1sz0hgwmaftiswjbfv0","2025-11-08T12:02:53.549Z","cmhsbjp8904ykmaft2nl6w611",,,"REFUELING","HAULING","Status change recorded","Location-20",163,
"cmhsbk1t00hgymafthsas55wf","2025-11-05T17:02:53.549Z","cmhsbjp8b04ymmaftgfjwjlir",,,"MAINTENANCE","MAINTENANCE",,"Location-3",55,
"cmhsbk1t20hh0maft4rzitcy2","2025-11-08T14:02:53.549Z","cmhsbjp8c04yomaftuybx0err",,,"DUMPING","REFUELING","Status change recorded","Location-13",82,
"cmhsbk1t30hh2maftdpqu73mj","2025-11-04T00:02:53.549Z","cmhsbjp8e04yqmaftsho3nh08",,,"REFUELING","IDLE","Status change recorded","Location-14",80,
"cmhsbk1t40hh4mafthq7zwqqn","2025-11-04T12:02:53.549Z","cmhsbjp8g04ysmaftuxdq2bh5",,,"IDLE","MAINTENANCE","Status change recorded","Location-2",168,
"cmhsbk1t50hh6maft7csrqlq4","2025-11-08T14:02:53.549Z","cmhsbjp8i04yumaftgxw4lpa3",,,"HAULING","IDLE","Status change recorded","Location-20",107,
"cmhsbk1t60hh8maftwn2wp15j","2025-11-04T05:02:53.549Z",,"cmhsbjq3j05msmaftu9372nhw",,"ACTIVE","MAINTENANCE","Status change recorded","Location-5",16,
"cmhsbk1t80hhamaftgil52b3e","2025-11-08T06:02:53.549Z",,"cmhsbjq3m05mtmaft5b8fjrn0",,"ACTIVE","BREAKDOWN","Status change recorded","Location-12",35,
"cmhsbk1t90hhcmaftydjz8uik","2025-11-08T18:02:53.549Z","cmhsbjp8n04z0mafto59nh5h5",,,"DUMPING","DUMPING",,"Location-6",80,
"cmhsbk1ta0hhemafttbfdlwqz","2025-11-03T19:02:53.549Z",,"cmhsbjq3q05mvmaftqkgko4vb",,"IDLE","MAINTENANCE","Status change recorded","Location-8",19,
"cmhsbk1tc0hhgmaft0ijrt2h9","2025-11-09T14:02:53.549Z",,"cmhsbjq3s05mwmaftnqrvnh5u",,"MAINTENANCE","ACTIVE","Status change recorded","Location-13",159,
"cmhsbk1te0hhimaftaetfxy5t","2025-11-07T13:02:53.549Z",,,"cmhsbjqrt063lmaftqr53wev7","ACTIVE","ACTIVE",,"Location-20",147,
"cmhsbk1tf0hhkmaftgz99bhyf","2025-11-04T19:02:53.549Z","cmhsbjp8u04z8maftsg574in4",,,"IDLE","IDLE",,"Location-10",163,
"cmhsbk1tg0hhmmaftlnj7lfpe","2025-11-03T12:02:53.549Z",,,"cmhsbjqrv063nmaftlwhq9tfe","IDLE","IDLE",,"Location-6",41,
"cmhsbk1ti0hhomaftxfuy4a76","2025-11-09T00:02:53.549Z","cmhsbjp8x04zcmaft0opp0rll",,,"DUMPING","HAULING","Status change recorded","Location-3",111,
"cmhsbk1tj0hhqmaftyknxsr5d","2025-11-07T00:02:53.549Z","cmhsbjp8z04zemaftoungtkxa",,,"LOADING","HAULING","Status change recorded","Location-7",112,
"cmhsbk1tk0hhsmaft0g1u07sb","2025-11-04T03:02:53.549Z",,"cmhsbjq4505n2maft37hd0c71",,"BREAKDOWN","BREAKDOWN",,"Location-10",155,
"cmhsbk1tl0hhumaft3z8lrvkr","2025-11-04T05:02:53.549Z",,"cmhsbjq4705n3maft93fnz4h6",,"ACTIVE","ACTIVE",,"Location-8",173,
"cmhsbk1tn0hhwmaftszd25x9o","2025-11-06T10:02:53.549Z",,"cmhsbjq4905n4maftyzshxb6v",,"MAINTENANCE","IDLE","Status change recorded","Location-8",25,
"cmhsbk1to0hhymaftxqz2mo3s","2025-11-05T13:02:53.549Z",,,"cmhsbjqs2063tmaftgmht83z3","IDLE","ACTIVE","Status change recorded","Location-19",88,
"cmhsbk1tp0hi0maftpzfthi6v","2025-11-06T20:02:53.549Z",,,"cmhsbjqs4063umaftqvm9tekz","MAINTENANCE","ACTIVE","Status change recorded","Location-4",161,
"cmhsbk1tr0hi2maft09iu621u","2025-11-05T00:02:53.549Z",,"cmhsbjq4e05n7maft9vfz53k1",,"ACTIVE","MAINTENANCE","Status change recorded","Location-2",20,
"cmhsbk1tt0hi4maft1aw0umfj","2025-11-05T04:02:53.549Z","cmhsbjp9b04zsmaft75x5i4il",,,"DUMPING","MAINTENANCE","Status change recorded","Location-8",26,
"cmhsbk1tu0hi6maft391z30xb","2025-11-08T19:02:53.549Z","cmhsbjp9d04zumaftrqtg5hl4",,,"REFUELING","DUMPING","Status change recorded","Location-3",96,
"cmhsbk1tw0hi8maftgw3ibb18","2025-11-08T20:02:53.549Z","cmhsbjp9e04zwmaftmynpx06f",,,"HAULING","IDLE","Status change recorded","Location-6",165,
"cmhsbk1tx0hiamaft0ink45qt","2025-11-06T11:02:53.549Z",,,"cmhsbjqsa063zmaft7t97b08b","ACTIVE","IDLE","Status change recorded","Location-14",176,
"cmhsbk1ty0hicmaftu9nkoa75","2025-11-04T22:02:53.549Z","cmhsbjp9i0500maftzv41pr0j",,,"IDLE","DUMPING","Status change recorded","Location-4",104,
"cmhsbk1tz0hiemaftibqxh2tw","2025-11-07T05:02:53.549Z","cmhsbjp9k0502maftcelxxbh7",,,"DUMPING","HAULING","Status change recorded","Location-15",105,
"cmhsbk1u00higmafttfw8ycpl","2025-11-04T11:02:53.549Z","cmhsbjp9m0504maft7ct73pbb",,,"MAINTENANCE","LOADING","Status change recorded","Location-12",63,
"cmhsbk1u20hiimaft33b1z50a","2025-11-09T04:02:53.549Z",,,"cmhsbjqsf0643mafthr13she8","MAINTENANCE","ACTIVE","Status change recorded","Location-20",174,
"cmhsbk1u30hikmaft7yz8c46r","2025-11-04T01:02:53.549Z",,"cmhsbjq4z05ngmaft8tupawz0",,"BREAKDOWN","BREAKDOWN",,"Location-13",40,
"cmhsbk1u40himmaftgjbldyo1","2025-11-09T01:02:53.549Z",,"cmhsbjq5105nhmaft2543qoju",,"IDLE","ACTIVE","Status change recorded","Location-20",102,
"cmhsbk1u50hiomaft5hdej9wj","2025-11-09T20:02:53.549Z",,"cmhsbjq5305nimaft51fydnhk",,"MAINTENANCE","IDLE","Status change recorded","Location-10",67,
"cmhsbk1u60hiqmaftudtum6wu","2025-11-07T18:02:53.549Z",,,"cmhsbjqsl0647maftt9de9fqv","IDLE","IDLE",,"Location-14",155,
"cmhsbk1u80hismaft897q9gm8","2025-11-09T22:02:53.549Z","cmhsbjp9w050gmaftlxn39dcx",,,"HAULING","MAINTENANCE","Status change recorded","Location-4",27,
"cmhsbk1ua0hiumaft6vh5f58f","2025-11-06T13:02:53.549Z",,"cmhsbjq5805nlmaft3nijaw93",,"BREAKDOWN","IDLE","Status change recorded","Location-2",166,
"cmhsbk1ub0hiwmaft8f66if5q","2025-11-05T08:02:53.549Z","cmhsbjpa0050kmaftbvtrnbxl",,,"IDLE","DUMPING","Status change recorded","Location-1",153,
"cmhsbk1uc0hiymaft9ah5i65g","2025-11-08T19:02:53.549Z",,,"cmhsbjqsu064bmaft0gie3zm1","MAINTENANCE","ACTIVE","Status change recorded","Location-5",70,
"cmhsbk1ue0hj0maftunsaz9vu","2025-11-08T02:02:53.549Z","cmhsbjpa3050omafttjhb6srf",,,"DUMPING","IDLE","Status change recorded","Location-15",105,
"cmhsbk1uf0hj2maft9x2k5wbr","2025-11-05T22:02:53.549Z","cmhsbjpa4050qmaft0jotzyjb",,,"HAULING","HAULING",,"Location-9",10,
"cmhsbk1ug0hj4mafte3fw6y19","2025-11-07T16:02:53.549Z",,"cmhsbjq5i05nqmaftsf3etp23",,"BREAKDOWN","IDLE","Status change recorded","Location-16",126,
"cmhsbk1uh0hj6maftdzqe1tig","2025-11-05T11:02:53.549Z","cmhsbjpa8050umafti0h0ux9i",,,"IDLE","LOADING","Status change recorded","Location-17",18,
"cmhsbk1ui0hj8maftsvkane0d","2025-11-08T05:02:53.549Z","cmhsbjpa9050wmaftp0o44gvh",,,"REFUELING","MAINTENANCE","Status change recorded","Location-20",0,
"cmhsbk1uk0hjamaftf1eqfc8c","2025-11-09T21:02:53.549Z","cmhsbjpab050ymaftkie7g6h8",,,"REFUELING","IDLE","Status change recorded","Location-18",65,
"cmhsbk1ul0hjcmaft7dyx1hc2","2025-11-08T19:02:53.549Z",,"cmhsbjq5o05numaftansrku42",,"ACTIVE","MAINTENANCE","Status change recorded","Location-1",70,
"cmhsbk1um0hjemaftem5374s0","2025-11-06T09:02:53.549Z","cmhsbjpaf0512maftc3twq9gc",,,"REFUELING","HAULING","Status change recorded","Location-15",50,
"cmhsbk1un0hjgmaft4ei6nsh0","2025-11-05T12:02:53.549Z",,,"cmhsbjqth064kmaftk721ldke","MAINTENANCE","ACTIVE","Status change recorded","Location-4",11,
"cmhsbk1up0hjimaftsk89nptw","2025-11-08T05:02:53.549Z","cmhsbjpai0516maft3cslkwg9",,,"LOADING","MAINTENANCE","Status change recorded","Location-9",117,
"cmhsbk1uq0hjkmaftqx13cult","2025-11-06T12:02:53.549Z","cmhsbjpak0518mafteaph1aws",,,"DUMPING","IDLE","Status change recorded","Location-17",16,
"cmhsbk1us0hjmmaftknih9hho","2025-11-06T13:02:53.549Z",,,"cmhsbjqtn064nmaft55raozsq","IDLE","IDLE",,"Location-11",136,
"cmhsbk1ut0hjomaftp6yvpa2k","2025-11-03T22:02:53.549Z","cmhsbjpan051cmaft6vqap8fp",,,"DUMPING","MAINTENANCE","Status change recorded","Location-19",131,
"cmhsbk1uu0hjqmaftr5wgy445","2025-11-07T09:02:53.549Z","cmhsbjpap051emaftemedrlph",,,"HAULING","HAULING",,"Location-2",178,
"cmhsbk1uv0hjsmaft6c6ysygr","2025-11-04T21:02:53.549Z",,"cmhsbjq6205o2maftzbntfmiv",,"IDLE","MAINTENANCE","Status change recorded","Location-19",98,
"cmhsbk1ux0hjumaftq94xqo8t","2025-11-09T01:02:53.549Z","cmhsbjpas051imafte9sotp1q",,,"HAULING","DUMPING","Status change recorded","Location-6",126,
"cmhsbk1uy0hjwmaftwz96dfkv","2025-11-06T00:02:53.549Z",,"cmhsbjq6505o4maftx955ahfy",,"ACTIVE","BREAKDOWN","Status change recorded","Location-17",50,
"cmhsbk1uz0hjymaftdpjr36m9","2025-11-07T22:02:53.549Z","cmhsbjpax051mmaft50mhgy20",,,"LOADING","LOADING",,"Location-7",19,
"cmhsbk1v00hk0maftu52qx9hi","2025-11-06T05:02:53.549Z","cmhsbjpaz051omaftkaay0b8x",,,"IDLE","MAINTENANCE","Status change recorded","Location-5",124,
"cmhsbk1v20hk2maftepuwmai3","2025-11-07T15:02:53.549Z",,"cmhsbjq6a05o7maftdq5lnphk",,"BREAKDOWN","MAINTENANCE","Status change recorded","Location-10",101,
"cmhsbk1v30hk4maft9e0okapi","2025-11-07T21:02:53.549Z",,"cmhsbjq6c05o8maftffrm6pqu",,"BREAKDOWN","ACTIVE","Status change recorded","Location-4",29,
"cmhsbk1v40hk6maft9z8owxof","2025-11-09T18:02:53.549Z","cmhsbjpb3051umaftyrvb71dd",,,"HAULING","IDLE","Status change recorded","Location-1",70,
"cmhsbk1v60hk8maftr8q4zzgw","2025-11-07T10:02:53.549Z",,,"cmhsbjqu8064ymaft5njoy6wm","ACTIVE","IDLE","Status change recorded","Location-20",8,
"cmhsbk1v70hkamaftbg5xzlz6","2025-11-03T23:02:53.549Z","cmhsbjpb7051ymaftm0e5105m",,,"DUMPING","IDLE","Status change recorded","Location-14",23,
"cmhsbk1v90hkcmaftu0ce52ge","2025-11-03T06:02:53.549Z",,,"cmhsbjquc0650maftdff2aqow","MAINTENANCE","ACTIVE","Status change recorded","Location-16",151,
"cmhsbk1va0hkemafty5a4vhoe","2025-11-07T10:02:53.549Z","cmhsbjpba0522maftvcg4r6ia",,,"IDLE","REFUELING","Status change recorded","Location-2",152,
"cmhsbk1vb0hkgmaftgzavcxt1","2025-11-05T06:02:53.549Z","cmhsbjpbc0524maft8ejjkcda",,,"DUMPING","MAINTENANCE","Status change recorded","Location-4",140,
"cmhsbk1vc0hkimaftx8lrb7ux","2025-11-08T14:02:53.549Z",,"cmhsbjq6n05ofmaftl25ldcaj",,"IDLE","MAINTENANCE","Status change recorded","Location-8",9,
"cmhsbk1vd0hkkmaftc5mr9zt4","2025-11-05T10:02:53.549Z",,"cmhsbjq6p05ogmaft2n8tvufb",,"ACTIVE","IDLE","Status change recorded","Location-20",126,
"cmhsbk1vf0hkmmaftw0o3lexh","2025-11-05T23:02:53.549Z",,"cmhsbjq6q05ohmafth0r6wp49",,"BREAKDOWN","ACTIVE","Status change recorded","Location-3",27,
"cmhsbk1vg0hkomafthaf4n1c4","2025-11-04T09:02:53.549Z",,,"cmhsbjqup0656maftt1jkoy89","IDLE","IDLE",,"Location-13",133,
"cmhsbk1vh0hkqmafth09usest","2025-11-03T14:02:53.549Z","cmhsbjpbl052emaftkzbjeutq",,,"DUMPING","MAINTENANCE","Status change recorded","Location-8",94,
"cmhsbk1vi0hksmaft7tduhfyt","2025-11-03T16:02:53.549Z","cmhsbjpbm052gmaft1zh7xci4",,,"LOADING","REFUELING","Status change recorded","Location-10",10,
"cmhsbk1vj0hkumaftnhwc9o4i","2025-11-06T14:02:53.549Z",,,"cmhsbjqux0659mafthoim69bj","IDLE","MAINTENANCE","Status change recorded","Location-17",72,
"cmhsbk1vl0hkwmafta0pzpde9","2025-11-07T22:02:53.549Z",,"cmhsbjq6z05ommaft3j4fkx4m",,"IDLE","ACTIVE","Status change recorded","Location-5",135,
"cmhsbk1vm0hkymaftnz9007as","2025-11-08T19:02:53.549Z",,"cmhsbjq7005onmaftd2azx9ya",,"IDLE","ACTIVE","Status change recorded","Location-3",130,
"cmhsbk1vo0hl0maft4uumyfcu","2025-11-09T06:02:53.549Z",,"cmhsbjq7105oomaftycu1wlut",,"BREAKDOWN","IDLE","Status change recorded","Location-5",52,
"cmhsbk1vp0hl2maftnooo3di1","2025-11-07T14:02:53.549Z","cmhsbjpbw052qmaftczsikcww",,,"DUMPING","HAULING","Status change recorded","Location-16",43,
"cmhsbk1vq0hl4maftog82oqg4","2025-11-06T20:02:53.549Z",,"cmhsbjq7405oqmaftd2gh62w8",,"ACTIVE","IDLE","Status change recorded","Location-6",155,
"cmhsbk1vr0hl6maft04gjkuos","2025-11-08T17:02:53.549Z","cmhsbjpbz052umaft32cssxfg",,,"REFUELING","LOADING","Status change recorded","Location-6",52,
"cmhsbk1vt0hl8maftu624rkz3","2025-11-07T21:02:53.549Z",,,"cmhsbjqva065gmaft34ew19y4","MAINTENANCE","ACTIVE","Status change recorded","Location-7",65,
"cmhsbk1vu0hlamaft2tj754xe","2025-11-04T17:02:53.549Z",,,"cmhsbjqvd065hmaft2iao9u1d","MAINTENANCE","ACTIVE","Status change recorded","Location-2",11,
"cmhsbk1vv0hlcmaft9jr94r8j","2025-11-04T05:02:53.549Z","cmhsbjpc50530maftgd3jowmp",,,"LOADING","DUMPING","Status change recorded","Location-3",36,
"cmhsbk1vw0hlemaft932t1se0","2025-11-08T10:02:53.549Z","cmhsbjpc60532mafts4tia8xz",,,"LOADING","DUMPING","Status change recorded","Location-4",6,
"cmhsbk1vx0hlgmaftnrcmg039","2025-11-03T04:02:53.549Z","cmhsbjpc90534maft1obmeqcm",,,"REFUELING","HAULING","Status change recorded","Location-16",154,
"cmhsbk1vz0hlimaftphel3708","2025-11-09T07:02:53.549Z",,"cmhsbjq7f05oxmaftzxkeb0lb",,"BREAKDOWN","IDLE","Status change recorded","Location-1",1,
"cmhsbk1w00hlkmaftvnp4w3nt","2025-11-04T20:02:53.549Z",,"cmhsbjq7g05oymaftl312lj83",,"BREAKDOWN","ACTIVE","Status change recorded","Location-17",176,
"cmhsbk1w10hlmmaft4erz2mja","2025-11-05T01:02:53.549Z","cmhsbjpce053amaftyca1x9nh",,,"HAULING","HAULING",,"Location-17",25,
"cmhsbk1w30hlomaft6k75c19p","2025-11-05T12:02:53.549Z",,"cmhsbjq7j05p0mafts5ee94oo",,"ACTIVE","ACTIVE",,"Location-3",141,
"cmhsbk1w40hlqmaft9t0vb3rt","2025-11-04T22:02:53.549Z",,"cmhsbjq7l05p1maftokpmcdjs",,"IDLE","IDLE",,"Location-4",67,
"cmhsbk1w60hlsmaftkgcsu1q8","2025-11-04T02:02:53.549Z","cmhsbjpck053gmaft87l9wy95",,,"IDLE","LOADING","Status change recorded","Location-2",156,
"cmhsbk1w70hlumaftak40gron","2025-11-05T11:02:53.549Z","cmhsbjpcl053imaftd0kbnvsw",,,"IDLE","LOADING","Status change recorded","Location-18",164,
"cmhsbk1w80hlwmaftouyxoct4","2025-11-04T00:02:53.549Z",,,"cmhsbjqw1065smaftv35hlwf9","IDLE","IDLE",,"Location-5",82,
"cmhsbk1w90hlymaftr04zk7le","2025-11-05T03:02:53.549Z","cmhsbjpcq053mmaftmdnzddwx",,,"LOADING","IDLE","Status change recorded","Location-9",50,
"cmhsbk1wb0hm0maftxbbhhf1d","2025-11-06T15:02:53.549Z","cmhsbjpcs053omaft2vx1vstq",,,"IDLE","MAINTENANCE","Status change recorded","Location-7",51,
"cmhsbk1wc0hm2maftcnrup10h","2025-11-08T23:02:53.549Z",,"cmhsbjq7w05p7maftr68qw51f",,"ACTIVE","IDLE","Status change recorded","Location-5",134,
"cmhsbk1wd0hm4maftu9g0zz3f","2025-11-03T23:02:53.549Z",,,"cmhsbjqw7065wmaftretv2od8","IDLE","ACTIVE","Status change recorded","Location-3",122,
"cmhsbk1we0hm6maft6elcci31","2025-11-06T04:02:53.549Z","cmhsbjpcx053umaft8p9s0om0",,,"DUMPING","REFUELING","Status change recorded","Location-9",131,
"cmhsbk1wf0hm8maftauyd0h9s","2025-11-03T15:02:53.549Z",,,"cmhsbjqwa065ymaftg3zkql2k","MAINTENANCE","IDLE","Status change recorded","Location-15",77,
"cmhsbk1wg0hmamaft7s938xpj","2025-11-08T00:02:53.549Z",,,"cmhsbjqwc065zmaftg6f85zn9","IDLE","ACTIVE","Status change recorded","Location-14",122,
"cmhsbk1wh0hmcmaftlo93ehjc","2025-11-06T07:02:53.549Z","cmhsbjpd20540maftmrda89zy",,,"MAINTENANCE","MAINTENANCE",,"Location-6",88,
"cmhsbk1wj0hmemaftl920hs92","2025-11-04T12:02:53.549Z","cmhsbjpd40542maftnocpl742",,,"REFUELING","HAULING","Status change recorded","Location-11",76,
"cmhsbk1wl0hmgmaftmcz7pmnl","2025-11-03T21:02:53.549Z","cmhsbjpd70544maftm5d2antr",,,"REFUELING","REFUELING",,"Location-2",100,
"cmhsbk1wm0hmimafts5nskd6o","2025-11-09T20:02:53.549Z",,,"cmhsbjqwh0663maftvuin8htu","IDLE","IDLE",,"Location-9",129,
"cmhsbk1wo0hmkmafts8uy7066","2025-11-09T12:02:53.549Z","cmhsbjpda0548maftdrraf998",,,"REFUELING","IDLE","Status change recorded","Location-19",73,
"cmhsbk1wp0hmmmaft7kimla28","2025-11-03T05:02:53.549Z",,,"cmhsbjqwj0665maft3e2kalhc","IDLE","IDLE",,"Location-9",148,
"cmhsbk1wq0hmomaftd0lm7ye8","2025-11-07T13:02:53.549Z","cmhsbjpde054cmaftb7z1o9wy",,,"MAINTENANCE","MAINTENANCE",,"Location-2",25,
"cmhsbk1wr0hmqmaftw86uwejh","2025-11-08T03:02:53.549Z",,"cmhsbjq8g05pjmaftjzwsssvl",,"MAINTENANCE","ACTIVE","Status change recorded","Location-3",162,
"cmhsbk1ws0hmsmaftolsto6yj","2025-11-06T14:02:53.549Z",,"cmhsbjq8i05pkmaftz9tnydz9",,"BREAKDOWN","MAINTENANCE","Status change recorded","Location-4",29,
"cmhsbk1wu0hmumaftxmcjqgn4","2025-11-07T12:02:53.549Z","cmhsbjpdj054imaftsixg2iu0",,,"REFUELING","LOADING","Status change recorded","Location-14",170,
"cmhsbk1wv0hmwmaftfgs96aqu","2025-11-09T07:02:53.549Z","cmhsbjpdl054kmafthb8bol3i",,,"DUMPING","HAULING","Status change recorded","Location-16",19,
"cmhsbk1ww0hmymaft6naqlr7b","2025-11-05T20:02:53.549Z",,,"cmhsbjqwv066bmaftlvigrfyh","MAINTENANCE","IDLE","Status change recorded","Location-5",9,
"cmhsbk1wx0hn0maftsb4h3cth","2025-11-05T09:02:53.549Z",,,"cmhsbjqww066cmaftbs296bq7","IDLE","ACTIVE","Status change recorded","Location-8",172,
"cmhsbk1wz0hn2maftq7ael5jj","2025-11-07T17:02:53.549Z",,"cmhsbjq8s05ppmaftspd3kigt",,"IDLE","MAINTENANCE","Status change recorded","Location-2",69,
"cmhsbk1x00hn4maft0c2zfkw7","2025-11-03T07:02:53.549Z","cmhsbjpdt054smaftstwenrup",,,"HAULING","HAULING",,"Location-16",83,
"cmhsbk1x20hn6mafth8v9d8v1","2025-11-05T04:02:53.549Z","cmhsbjpdv054umaftomv8kk08",,,"IDLE","MAINTENANCE","Status change recorded","Location-6",119,
"cmhsbk1x30hn8mafttfjfky20","2025-11-06T07:02:53.549Z","cmhsbjpdw054wmaft26vvcjny",,,"REFUELING","LOADING","Status change recorded","Location-7",10,
"cmhsbk1x50hnamaft57j7h9sq","2025-11-06T17:02:53.549Z",,"cmhsbjq8z05ptmafti1afnc06",,"IDLE","IDLE",,"Location-13",164,
"cmhsbk1x60hncmaftydtoefyz","2025-11-06T03:02:53.549Z","cmhsbjpe00550maftlfpvkrfb",,,"LOADING","REFUELING","Status change recorded","Location-19",55,
"cmhsbk1x70hnemaft1rhuq07l","2025-11-03T21:02:53.549Z","cmhsbjpe10552maftfi1nngod",,,"LOADING","HAULING","Status change recorded","Location-9",164,
"cmhsbk1x80hngmaft7zw1wt3a","2025-11-09T08:02:53.549Z",,,"cmhsbjqx9066kmaftiuera5e0","ACTIVE","MAINTENANCE","Status change recorded","Location-6",175,
"cmhsbk1x90hnimaftyxuktsm7","2025-11-05T14:02:53.549Z","cmhsbjpe60556maft3z2afzij",,,"MAINTENANCE","IDLE","Status change recorded","Location-5",35,
"cmhsbk1xb0hnkmaftz75ueowm","2025-11-04T13:02:53.549Z",,"cmhsbjq9805pymaftq75bunhp",,"ACTIVE","BREAKDOWN","Status change recorded","Location-17",32,
"cmhsbk1xc0hnmmaft161phb70","2025-11-06T07:02:53.549Z","cmhsbjpe9055amaftwybpp5wk",,,"HAULING","LOADING","Status change recorded","Location-5",164,
"cmhsbk1xd0hnomaftg6hg24ea","2025-11-03T04:02:53.549Z",,"cmhsbjq9a05q0maft5u36qa3w",,"IDLE","ACTIVE","Status change recorded","Location-10",34,
"cmhsbk1xe0hnqmaft8zg9obpj","2025-11-05T00:02:53.549Z",,,"cmhsbjqxf066pmaft7edtp5h2","MAINTENANCE","ACTIVE","Status change recorded","Location-16",173,
"cmhsbk1xg0hnsmaftyej81kko","2025-11-06T09:02:53.549Z","cmhsbjpef055gmaftwu6mlgk8",,,"HAULING","HAULING",,"Location-6",33,
"cmhsbk1xi0hnumaftbx7t7ngw","2025-11-07T05:02:53.549Z","cmhsbjpeg055imaftxrgm6mn4",,,"HAULING","MAINTENANCE","Status change recorded","Location-11",57,
"cmhsbk1xj0hnwmaftwtmhsgjt","2025-11-05T15:02:53.549Z","cmhsbjpei055kmaftx4j80dd4",,,"MAINTENANCE","REFUELING","Status change recorded","Location-11",137,
"cmhsbk1xk0hnymaftx9h9im2p","2025-11-09T14:02:53.549Z","cmhsbjpel055mmaftfa0j4m3f",,,"REFUELING","REFUELING",,"Location-1",135,
"cmhsbk1xm0ho0maftalsjkf4v","2025-11-08T20:02:53.549Z",,"cmhsbjq9k05q6maftrfperl9e",,"MAINTENANCE","IDLE","Status change recorded","Location-14",76,
"cmhsbk1xn0ho2maftop15lnto","2025-11-08T13:02:53.549Z","cmhsbjpep055qmaft4ayjdknr",,,"LOADING","MAINTENANCE","Status change recorded","Location-17",76,
"cmhsbk1xo0ho4maft0bqdgb96","2025-11-05T10:02:53.549Z","cmhsbjper055smaftqw1sbhc1",,,"MAINTENANCE","DUMPING","Status change recorded","Location-19",28,
"cmhsbk1xp0ho6maftpwuzp4j3","2025-11-05T20:02:53.549Z",,,"cmhsbjqxp066xmaft6ze6yjcu","MAINTENANCE","MAINTENANCE",,"Location-1",12,
"cmhsbk1xq0ho8maftfumtsoms","2025-11-08T10:02:53.549Z",,,"cmhsbjqxq066ymafthwoqs9wc","MAINTENANCE","ACTIVE","Status change recorded","Location-9",159,
"cmhsbk1xs0hoamaftrkqv2y6o","2025-11-03T17:02:53.549Z",,,"cmhsbjqxr066zmaftsujcnb03","MAINTENANCE","MAINTENANCE",,"Location-14",33,
"cmhsbk1xt0hocmafth32n60oi","2025-11-06T23:02:53.549Z","cmhsbjpez0560maftfsn3lcdm",,,"REFUELING","DUMPING","Status change recorded","Location-4",58,
"cmhsbk1xu0hoemaft7a0c8h28","2025-11-06T23:02:53.549Z","cmhsbjpf10562maftdbfxri2v",,,"HAULING","HAULING",,"Location-15",6,
"cmhsbk1xv0hogmaftrcbv7ahf","2025-11-07T21:02:53.549Z","cmhsbjpf30564maft7snppuma",,,"LOADING","MAINTENANCE","Status change recorded","Location-17",84,
"cmhsbk1xx0hoimaftcw61ugf6","2025-11-08T20:02:53.549Z","cmhsbjpf50566maftww5ui5ab",,,"HAULING","HAULING",,"Location-13",127,
"cmhsbk1xz0hokmaftlk081qay","2025-11-03T08:02:53.549Z",,"cmhsbjq9z05qgmaftnacq3bsg",,"IDLE","MAINTENANCE","Status change recorded","Location-14",82,
"cmhsbk1y00hommaftypojsfbe","2025-11-06T04:02:53.549Z",,,"cmhsbjqxy0675maftgm748csb","MAINTENANCE","IDLE","Status change recorded","Location-8",70,
"cmhsbk1y10hoomaftc7mwe1hq","2025-11-05T11:02:53.549Z",,"cmhsbjqa205qimaftb2oxvsue",,"IDLE","BREAKDOWN","Status change recorded","Location-2",0,
"cmhsbk1y30hoqmaftf4eu9rdj","2025-11-06T14:02:53.549Z",,,"cmhsbjqy00677mafthu2z9s72","ACTIVE","MAINTENANCE","Status change recorded","Location-4",14,
"cmhsbk1y40hosmaftwh3y5s4o","2025-11-09T01:02:53.549Z","cmhsbjpfe056gmaftfn6ov429",,,"HAULING","IDLE","Status change recorded","Location-13",47,
"cmhsbk1y50houmaftapqhzexb","2025-11-06T18:02:53.549Z","cmhsbjpfh056imaftwmmi0a05",,,"IDLE","REFUELING","Status change recorded","Location-15",147,
"cmhsbk1y70howmaftbm28o22y","2025-11-08T19:02:53.549Z","cmhsbjpfj056kmaftsp2le5cw",,,"DUMPING","IDLE","Status change recorded","Location-18",10,
"cmhsbk1y80hoymaftrk5e2v9v","2025-11-07T07:02:53.549Z","cmhsbjpfl056mmaftm02xxpzt",,,"MAINTENANCE","REFUELING","Status change recorded","Location-20",139,
"cmhsbk1y90hp0maftu4px4z3d","2025-11-04T22:02:53.549Z","cmhsbjpfm056omaft5p5ztw3d",,,"REFUELING","LOADING","Status change recorded","Location-9",52,
"cmhsbk1ya0hp2maftk86ypgdk","2025-11-04T11:02:53.549Z",,"cmhsbjqac05qpmaft1em72skz",,"IDLE","MAINTENANCE","Status change recorded","Location-16",86,
"cmhsbk1yc0hp4maftjtd5zmeh","2025-11-04T18:02:53.549Z",,"cmhsbjqae05qqmaft3oy4mob7",,"BREAKDOWN","ACTIVE","Status change recorded","Location-9",94,
"cmhsbk1yd0hp6maftu87jbrxl","2025-11-09T20:02:53.549Z","cmhsbjpfr056umaftxychsjke",,,"DUMPING","DUMPING",,"Location-16",87,
"cmhsbk1yf0hp8maftj3154bt3","2025-11-07T15:02:53.549Z","cmhsbjpft056wmafts3kz6hq0",,,"LOADING","IDLE","Status change recorded","Location-4",155,
"cmhsbk1yg0hpamaft6n2e07y8","2025-11-08T18:02:53.549Z",,,"cmhsbjqyc067hmaftrri6g130","ACTIVE","IDLE","Status change recorded","Location-2",107,
"cmhsbk1yi0hpcmaftkzbcvlaw","2025-11-09T04:02:53.549Z","cmhsbjpfx0570maftrpap4uh3",,,"REFUELING","REFUELING",,"Location-7",79,
"cmhsbk1yj0hpemaftxt0zq25l","2025-11-03T02:02:53.549Z","cmhsbjpfz0572maftv1262pfu",,,"DUMPING","HAULING","Status change recorded","Location-9",57,
"cmhsbk1yk0hpgmaftj3z6xgtb","2025-11-09T04:02:53.549Z",,,"cmhsbjqyg067kmaftbwr87igt","IDLE","MAINTENANCE","Status change recorded","Location-6",50,
"cmhsbk1yl0hpimaftg85c2fie","2025-11-06T04:02:53.549Z","cmhsbjpg30576maftxc8ts58u",,,"MAINTENANCE","DUMPING","Status change recorded","Location-11",38,
"cmhsbk1ym0hpkmaft98xlqlqh","2025-11-07T13:02:53.549Z",,,"cmhsbjqyi067mmaftk4nqjqe4","ACTIVE","ACTIVE",,"Location-17",124,
"cmhsbk1yo0hpmmaft6adxz1aw","2025-11-05T07:02:53.549Z",,"cmhsbjqar05qzmaftya4zq4d9",,"MAINTENANCE","BREAKDOWN","Status change recorded","Location-2",44,
"cmhsbk1yp0hpomaftm0i3cwun","2025-11-03T21:02:53.549Z","cmhsbjpga057cmaftfw7b9oe9",,,"REFUELING","DUMPING","Status change recorded","Location-16",20,
"cmhsbk1yq0hpqmaftuchpmhni","2025-11-04T07:02:53.549Z","cmhsbjpgc057emaft1txfyosr",,,"REFUELING","DUMPING","Status change recorded","Location-12",18,
"cmhsbk1yr0hpsmaft1xng4i91","2025-11-09T01:02:53.549Z","cmhsbjpgf057gmaftv7bzm1c5",,,"REFUELING","HAULING","Status change recorded","Location-16",82,
"cmhsbk1yt0hpumaftx6dvu6u4","2025-11-07T07:02:53.549Z",,,"cmhsbjqyp067rmaftoqqh1y91","ACTIVE","ACTIVE",,"Location-17",29,
"cmhsbk1yu0hpwmaftfcuetfj3","2025-11-07T05:02:53.549Z",,,"cmhsbjqyq067smaft6omxv8i1","IDLE","IDLE",,"Location-5",176,
"cmhsbk1yw0hpymaftasstm88n","2025-11-08T19:02:53.549Z","cmhsbjpgl057mmaft0k636bs3",,,"HAULING","MAINTENANCE","Status change recorded","Location-16",82,
"cmhsbk1yy0hq0maft9kbitpaa","2025-11-05T20:02:53.549Z","cmhsbjpgn057omaftpp521pqs",,,"DUMPING","REFUELING","Status change recorded","Location-14",153,
"cmhsbk1yz0hq2maftchjbxtjw","2025-11-03T02:02:53.549Z",,"cmhsbjqb405r7maftbxrc6ojh",,"MAINTENANCE","MAINTENANCE",,"Location-12",159,
"cmhsbk1z00hq4maftyuhr9ejp","2025-11-04T22:02:53.549Z",,,"cmhsbjqyv067wmaftz8skl9zz","IDLE","ACTIVE","Status change recorded","Location-8",166,
"cmhsbk1z10hq6maft8xnmksn2","2025-11-04T21:02:53.549Z","cmhsbjpgt057umaft5odzbny4",,,"HAULING","IDLE","Status change recorded","Location-9",87,
"cmhsbk1z30hq8maft6enwz2b0","2025-11-08T19:02:53.549Z","cmhsbjpgw057wmaftzzthrbum",,,"LOADING","REFUELING","Status change recorded","Location-7",176,
"cmhsbk1z40hqamaftgg84as6y","2025-11-09T11:02:53.549Z","cmhsbjpgy057ymaftasg9oyna",,,"DUMPING","LOADING","Status change recorded","Location-17",116,
"cmhsbk1z50hqcmaftmb1q5fbi","2025-11-03T14:02:53.549Z",,"cmhsbjqbb05rcmaft4695gkqu",,"BREAKDOWN","MAINTENANCE","Status change recorded","Location-9",62,
"cmhsbk1z60hqemaftyctwtt7t","2025-11-04T09:02:53.549Z","cmhsbjph10582maft922jxvmr",,,"IDLE","LOADING","Status change recorded","Location-13",40,
"cmhsbk1z70hqgmaft3iytj7jp","2025-11-06T08:02:53.549Z","cmhsbjph30584maftckewzuam",,,"HAULING","HAULING",,"Location-2",143,
"cmhsbk1z90hqimaftjlz3g4o9","2025-11-05T22:02:53.549Z",,"cmhsbjqbg05rfmaft6c98j52o",,"ACTIVE","BREAKDOWN","Status change recorded","Location-16",85,
"cmhsbk1za0hqkmaftpu368ju8","2025-11-07T02:02:53.549Z",,"cmhsbjqbi05rgmaft47nftc0v",,"IDLE","IDLE",,"Location-18",101,
"cmhsbk1zc0hqmmaftlzew3bdu","2025-11-09T12:02:53.549Z","cmhsbjph9058amaftnndjkwyl",,,"MAINTENANCE","MAINTENANCE",,"Location-6",126,
"cmhsbk1zd0hqomaftask9o84l","2025-11-07T20:02:53.549Z",,"cmhsbjqbl05rimaft8xcvza64",,"ACTIVE","ACTIVE",,"Location-8",29,
"cmhsbk1zf0hqqmaftqfcn3r1a","2025-11-03T17:02:53.549Z","cmhsbjphd058emaft00x8qmvf",,,"DUMPING","REFUELING","Status change recorded","Location-8",12,
"cmhsbk1zg0hqsmaftyemq3bnm","2025-11-09T05:02:53.549Z","cmhsbjphf058gmaftf5n62dod",,,"DUMPING","LOADING","Status change recorded","Location-14",80,
"cmhsbk1zh0hqumaftik2luxlg","2025-11-05T12:02:53.549Z",,,"cmhsbjqzb0689maft3deietls","IDLE","MAINTENANCE","Status change recorded","Location-3",7,
"cmhsbk1zi0hqwmaft6cmfrc8b","2025-11-05T18:02:53.549Z","cmhsbjphi058kmaft5gc0obcd",,,"LOADING","DUMPING","Status change recorded","Location-11",8,
"cmhsbk1zj0hqymaft83zux93n","2025-11-07T22:02:53.549Z",,"cmhsbjqbs05rnmaftyvf8ktji",,"MAINTENANCE","MAINTENANCE",,"Location-11",1,
"cmhsbk1zl0hr0maft7bu6wi10","2025-11-09T17:02:53.549Z","cmhsbjphm058omaft2yyyp82h",,,"DUMPING","DUMPING",,"Location-14",3,
"cmhsbk1zm0hr2maft522kc2fv","2025-11-04T04:02:53.549Z","cmhsbjpho058qmaft4beu0cr0",,,"LOADING","REFUELING","Status change recorded","Location-16",144,
"cmhsbk1zn0hr4maftvfnb3bpg","2025-11-04T02:02:53.549Z","cmhsbjphq058smaft47fbgenb",,,"REFUELING","MAINTENANCE","Status change recorded","Location-11",116,
"cmhsbk1zo0hr6maft93fg9cyp","2025-11-03T14:02:53.549Z",,,"cmhsbjqzj068fmaftbfg8bqfs","ACTIVE","IDLE","Status change recorded","Location-4",127,
"cmhsbk1zp0hr8maftoamki3lu","2025-11-08T05:02:53.549Z","cmhsbjphu058wmaftsuolvvw0",,,"DUMPING","MAINTENANCE","Status change recorded","Location-16",12,
"cmhsbk1zr0hramaftmlmzsuhl","2025-11-03T13:02:53.549Z",,,"cmhsbjqzl068hmaft3y6cml6c","ACTIVE","MAINTENANCE","Status change recorded","Location-12",109,
"cmhsbk1zt0hrcmaftap32ro5v","2025-11-04T12:02:53.549Z",,"cmhsbjqc305rumaftvshzviir",,"MAINTENANCE","IDLE","Status change recorded","Location-17",165,
"cmhsbk1zu0hremaftom903bug","2025-11-08T13:02:53.549Z",,,"cmhsbjqzo068jmaftjl71x8ho","IDLE","ACTIVE","Status change recorded","Location-19",92,
"cmhsbk1zw0hrgmaft1ba9pq2j","2025-11-05T14:02:53.549Z","cmhsbjpi10594maftfjg859pi",,,"IDLE","HAULING","Status change recorded","Location-12",170,
"cmhsbk1zx0hrimaft5yw93xko","2025-11-09T11:02:53.549Z",,"cmhsbjqc705rxmaftjpy4pfmv",,"ACTIVE","IDLE","Status change recorded","Location-9",1,
"cmhsbk1zy0hrkmafta7isgtlv","2025-11-09T23:02:53.549Z","cmhsbjpi40598maft6rakdggn",,,"DUMPING","REFUELING","Status change recorded","Location-13",148,
"cmhsbk1zz0hrmmaftre3fp5eh","2025-11-05T17:02:53.549Z","cmhsbjpi6059amaft8e1zaox0",,,"REFUELING","REFUELING",,"Location-3",15,
"cmhsbk2010hromaft73kl1dd6","2025-11-04T19:02:53.549Z","cmhsbjpi8059cmaftamh439bi",,,"HAULING","HAULING",,"Location-3",91,
"cmhsbk2020hrqmaftmchuzpd2","2025-11-05T19:02:53.549Z","cmhsbjpia059emaft81kjcsgl",,,"DUMPING","LOADING","Status change recorded","Location-2",162,
"cmhsbk2030hrsmaftnh0xojr6","2025-11-08T16:02:53.549Z","cmhsbjpic059gmaftzpk39do8",,,"MAINTENANCE","REFUELING","Status change recorded","Location-6",34,
"cmhsbk2040hrumaft2lxbhdux","2025-11-03T08:02:53.549Z",,,"cmhsbjqzx068rmaftpn7mn8qe","MAINTENANCE","IDLE","Status change recorded","Location-5",174,
"cmhsbk2050hrwmaft9euelm0y","2025-11-06T13:02:53.549Z","cmhsbjpif059kmafteyino80b",,,"HAULING","HAULING",,"Location-9",159,
"cmhsbk2070hrymafttxof6fzj","2025-11-07T15:02:53.549Z","cmhsbjpih059mmaftzrg4uq6o",,,"MAINTENANCE","IDLE","Status change recorded","Location-15",25,
"cmhsbk2080hs0maft6k7q5lr3","2025-11-09T20:02:53.549Z",,,"cmhsbjr02068umaftlqidup2j","MAINTENANCE","MAINTENANCE",,"Location-19",151,
"cmhsbk20a0hs2maft3q8cf759","2025-11-07T18:02:53.549Z",,"cmhsbjqcn05s7maftaxwiwksi",,"BREAKDOWN","BREAKDOWN",,"Location-19",147,
"cmhsbk20b0hs4maftm164djim","2025-11-06T03:02:53.549Z","cmhsbjpim059smaft6m4dr8bw",,,"HAULING","DUMPING","Status change recorded","Location-4",19,
"cmhsbk20c0hs6maftb97dfbgw","2025-11-07T18:02:53.549Z",,"cmhsbjqcq05s9maft6uz96gef",,"BREAKDOWN","BREAKDOWN",,"Location-15",92,
"cmhsbk20e0hs8maft1k4chz7h","2025-11-03T23:02:53.549Z","cmhsbjpiq059wmaftmti3dwti",,,"IDLE","HAULING","Status change recorded","Location-18",135,
"cmhsbk20f0hsamaftisikqr6l","2025-11-07T19:02:53.549Z","cmhsbjpis059ymaft620ybxja",,,"IDLE","REFUELING","Status change recorded","Location-8",43,
"cmhsbk20g0hscmaft6ppvmmq0","2025-11-07T17:02:53.549Z","cmhsbjpiu05a0maftc2j077io",,,"IDLE","LOADING","Status change recorded","Location-9",78,
"cmhsbk20h0hsemafth27caiop","2025-11-04T13:02:53.549Z","cmhsbjpiv05a2maft7flr8u0z",,,"MAINTENANCE","MAINTENANCE",,"Location-16",54,
"cmhsbk20j0hsgmafte04089rd","2025-11-04T05:02:53.549Z","cmhsbjpix05a4maft0g9qcc0d",,,"IDLE","REFUELING","Status change recorded","Location-1",155,
"cmhsbk20k0hsimaft8d9pp5wp","2025-11-08T17:02:53.549Z","cmhsbjpiz05a6maftivz6l2js",,,"HAULING","DUMPING","Status change recorded","Location-16",134,
"cmhsbk20l0hskmafttbvet4np","2025-11-09T16:02:53.549Z","cmhsbjpj105a8maft33hgf6dj",,,"HAULING","IDLE","Status change recorded","Location-8",21,
"cmhsbk20m0hsmmaft3pf03bzv","2025-11-04T20:02:53.549Z","cmhsbjpj305aamaftxk10al2p",,,"MAINTENANCE","HAULING","Status change recorded","Location-18",162,
"cmhsbk20o0hsomaftenmffpqw","2025-11-04T02:02:53.549Z","cmhsbjpj505acmaft9jfxxoaq",,,"LOADING","MAINTENANCE","Status change recorded","Location-12",64,
"cmhsbk20p0hsqmaftspzeqdii","2025-11-07T13:02:53.549Z",,"cmhsbjqd505sjmaftlc4izd33",,"BREAKDOWN","ACTIVE","Status change recorded","Location-19",99,
"cmhsbk20r0hssmafte6dddhss","2025-11-08T12:02:53.549Z",,,"cmhsbjr0k0698maft3d5gd2vf","MAINTENANCE","MAINTENANCE",,"Location-3",144,
"cmhsbk20s0hsumaftnwj4csm4","2025-11-06T15:02:53.549Z","cmhsbjpjb05aimaft8bi0ubeh",,,"HAULING","LOADING","Status change recorded","Location-8",171,
"cmhsbk20u0hswmaft49dfx6wy","2025-11-03T15:02:53.549Z",,"cmhsbjqda05smmafto9jgq154",,"IDLE","IDLE",,"Location-9",98,
"cmhsbk20v0hsymaft033oel75","2025-11-04T21:02:53.549Z",,"cmhsbjqdc05snmafthfsa2ugj",,"ACTIVE","BREAKDOWN","Status change recorded","Location-10",40,
"cmhsbk20w0ht0maftg0m53a4f","2025-11-03T22:02:53.549Z",,"cmhsbjqde05somaft9o8zvxgm",,"BREAKDOWN","BREAKDOWN",,"Location-16",121,
"cmhsbk20x0ht2maftjxhgxzcr","2025-11-07T01:02:53.549Z","cmhsbjpjk05aqmafttyxg8niu",,,"REFUELING","MAINTENANCE","Status change recorded","Location-11",128,
"cmhsbk20y0ht4maftejl2bmch","2025-11-07T03:02:53.549Z",,,"cmhsbjr0t069emaft36uurjc6","MAINTENANCE","MAINTENANCE",,"Location-20",92,
"cmhsbk2100ht6mafttdgw46ku","2025-11-04T13:02:53.549Z","cmhsbjpjo05aumaftazgx9b1z",,,"HAULING","IDLE","Status change recorded","Location-12",106,
"cmhsbk2110ht8maftwssp2916","2025-11-03T05:02:53.549Z",,"cmhsbjqdk05ssmaftki80u1ht",,"BREAKDOWN","MAINTENANCE","Status change recorded","Location-19",22,
"cmhsbk2120htamaftr2ozy7cs","2025-11-04T20:02:53.549Z","cmhsbjpjs05aymaftqzcsu0h3",,,"IDLE","MAINTENANCE","Status change recorded","Location-1",120,
"cmhsbk2130htcmaftqc8h35v6","2025-11-03T17:02:53.549Z",,"cmhsbjqdo05sumaftsiejgjwr",,"MAINTENANCE","MAINTENANCE",,"Location-19",81,
"cmhsbk2150htemafti9dt9l5w","2025-11-07T01:02:53.549Z","cmhsbjpjv05b2maftsitnm939",,,"IDLE","LOADING","Status change recorded","Location-16",43,
"cmhsbk2160htgmaftxsqtc9l2","2025-11-06T03:02:53.549Z",,"cmhsbjqds05swmaftmz8b6cj7",,"BREAKDOWN","MAINTENANCE","Status change recorded","Location-5",1,
"cmhsbk2180htimaftovhp15no","2025-11-05T08:02:53.549Z",,,"cmhsbjr13069lmaftv7fuofjb","ACTIVE","ACTIVE",,"Location-18",14,
"cmhsbk2190htkmaftourr0cv9","2025-11-08T16:02:53.549Z","cmhsbjpk005b8maftlmfh56v0",,,"DUMPING","LOADING","Status change recorded","Location-14",12,
"cmhsbk21a0htmmaftv33i3em5","2025-11-03T08:02:53.549Z","cmhsbjpk105bamaftc3kr5cvc",,,"HAULING","MAINTENANCE","Status change recorded","Location-18",105,
"cmhsbk21c0htomaftmrmrtx5b","2025-11-05T05:02:53.549Z",,"cmhsbjqdy05t0maftj1mgsgy3",,"BREAKDOWN","IDLE","Status change recorded","Location-6",12,
"cmhsbk21d0htqmaft0dm4i433","2025-11-06T22:02:53.549Z","cmhsbjpk605bemaftru17h18a",,,"IDLE","MAINTENANCE","Status change recorded","Location-2",26,
"cmhsbk21e0htsmaftdte9q331","2025-11-08T10:02:53.549Z",,"cmhsbjqe105t2maftso4lgsm9",,"BREAKDOWN","BREAKDOWN",,"Location-8",34,
"cmhsbk21f0htumaftt5wa74e1","2025-11-05T18:02:53.549Z",,"cmhsbjqe305t3mafte0yar859",,"IDLE","MAINTENANCE","Status change recorded","Location-9",126,
"cmhsbk21g0htwmaftf1poxh34","2025-11-09T12:02:53.549Z","cmhsbjpkb05bkmaft2k6sye7z",,,"HAULING","LOADING","Status change recorded","Location-6",34,
"cmhsbk21i0htymaftvtn02g9s","2025-11-05T07:02:53.549Z","cmhsbjpkd05bmmaftjq44pnz8",,,"HAULING","DUMPING","Status change recorded","Location-18",110,
"cmhsbk21j0hu0mafttwpiz7hi","2025-11-08T17:02:53.549Z",,,"cmhsbjr1f069umafthyjykvfh","IDLE","ACTIVE","Status change recorded","Location-15",164,
"cmhsbk21k0hu2maft3qrie04y","2025-11-06T12:02:53.549Z",,"cmhsbjqea05t7maft201tqltb",,"IDLE","IDLE",,"Location-4",166,
"cmhsbk21l0hu4maftq3wv7gde","2025-11-05T13:02:53.549Z",,,"cmhsbjr1h069wmafte67627b3","MAINTENANCE","IDLE","Status change recorded","Location-3",48,
"cmhsbk21n0hu6maftjx8k4h34","2025-11-07T10:02:53.549Z","cmhsbjpkk05bumaftq6xsldxh",,,"MAINTENANCE","IDLE","Status change recorded","Location-8",69,
"cmhsbk21p0hu8maftkwt29mx8","2025-11-04T17:02:53.549Z",,,"cmhsbjr1k069ymaftob4z8d12","MAINTENANCE","IDLE","Status change recorded","Location-16",72,
"cmhsbk21q0huamafta0xkxrcx","2025-11-09T09:02:53.549Z",,"cmhsbjqeg05tbmaftxcmjgvtf",,"MAINTENANCE","ACTIVE","Status change recorded","Location-18",55,
"cmhsbk21r0hucmaft86uff443","2025-11-05T16:02:53.549Z","cmhsbjpkr05c0maftjxmlyaki",,,"MAINTENANCE","REFUELING","Status change recorded","Location-16",22,
"cmhsbk21s0huemaftpdf0npiw","2025-11-03T05:02:53.549Z","cmhsbjpkt05c2maftlq68kdij",,,"DUMPING","DUMPING",,"Location-10",153,
"cmhsbk21t0hugmaft1fqyjy4s","2025-11-03T22:02:53.549Z",,"cmhsbjqel05temaftdo7hitp3",,"BREAKDOWN","MAINTENANCE","Status change recorded","Location-6",89,
"cmhsbk21u0huimaft34hgv5rh","2025-11-09T13:02:53.549Z","cmhsbjpkx05c6maftixr3cmfy",,,"HAULING","MAINTENANCE","Status change recorded","Location-15",102,
"cmhsbk21w0hukmaftd88p6vs0","2025-11-04T09:02:53.549Z","cmhsbjpkz05c8maftuv6b3a1p",,,"REFUELING","HAULING","Status change recorded","Location-17",83,
"cmhsbk21x0hummafthrjz50hm","2025-11-09T18:02:53.549Z",,,"cmhsbjr1t06a5maftpuoowdox","IDLE","ACTIVE","Status change recorded","Location-16",154,
"cmhsbk21y0huomaftb37o7frq","2025-11-08T03:02:53.549Z",,,"cmhsbjr1u06a6maft3km47lql","ACTIVE","MAINTENANCE","Status change recorded","Location-8",60,
"cmhsbk2200huqmafttxtu36d0","2025-11-06T06:02:53.549Z",,"cmhsbjqet05tjmaftxlm9hhit",,"IDLE","MAINTENANCE","Status change recorded","Location-3",154,
"cmhsbk2210husmaftmly4byid","2025-11-03T00:02:53.549Z",,"cmhsbjqeu05tkmafts025eelx",,"BREAKDOWN","ACTIVE","Status change recorded","Location-10",2,
"cmhsbk2220huumaftslnabscf","2025-11-03T17:02:53.549Z","cmhsbjpla05cimaft8t017067",,,"REFUELING","REFUELING",,"Location-2",176,
"cmhsbk2240huwmaft3u2qsv6e","2025-11-07T22:02:53.549Z",,"cmhsbjqey05tmmaft62vy674q",,"ACTIVE","MAINTENANCE","Status change recorded","Location-11",111,
"cmhsbk2250huymaft9e3ctfxa","2025-11-08T05:02:53.549Z",,,"cmhsbjr2106abmaft4phfpgs2","ACTIVE","MAINTENANCE","Status change recorded","Location-5",16,
"cmhsbk2260hv0maftssu1wbit","2025-11-08T17:02:53.549Z",,"cmhsbjqf005tomaft27klh7vh",,"BREAKDOWN","BREAKDOWN",,"Location-17",179,
"cmhsbk2280hv2maft3rob1s9i","2025-11-06T06:02:53.549Z",,"cmhsbjqf205tpmafteznm4ab1",,"IDLE","BREAKDOWN","Status change recorded","Location-13",106,
"cmhsbk2290hv4maft0qinqgl6","2025-11-05T13:02:53.549Z","cmhsbjplk05csmafty9j4eefu",,,"REFUELING","REFUELING",,"Location-19",44,
"cmhsbk22a0hv6maft5yfjfviy","2025-11-09T13:02:53.549Z",,"cmhsbjqf505trmaftb8q05w78",,"IDLE","MAINTENANCE","Status change recorded","Location-13",115,
"cmhsbk22b0hv8mafth27edx9i","2025-11-06T02:02:53.549Z",,,"cmhsbjr2606agmaftl2r8j5bl","MAINTENANCE","MAINTENANCE",,"Location-4",144,
"cmhsbk22c0hvamaft3f1sn49d","2025-11-03T01:02:53.549Z","cmhsbjplq05cymafth67785c4",,,"DUMPING","DUMPING",,"Location-16",31,
"cmhsbk22e0hvcmafth11cpxv8","2025-11-05T19:02:53.549Z",,"cmhsbjqfa05tumaftqj9de6hd",,"IDLE","ACTIVE","Status change recorded","Location-12",6,
"cmhsbk22f0hvemaftzljnxao5","2025-11-07T13:02:53.549Z",,"cmhsbjqfb05tvmaftzodilcte",,"ACTIVE","ACTIVE",,"Location-2",147,
"cmhsbk22g0hvgmaft4tx8in1j","2025-11-07T03:02:53.549Z",,,"cmhsbjr2c06akmaftu8yq134m","ACTIVE","MAINTENANCE","Status change recorded","Location-15",19,
"cmhsbk22h0hvimaftjtd6w1gg","2025-11-09T01:02:53.549Z","cmhsbjply05d6maftyb03yfuz",,,"MAINTENANCE","IDLE","Status change recorded","Location-14",47,
"cmhsbk22j0hvkmaft7polsiil","2025-11-06T16:02:53.549Z","cmhsbjpm105d8maftxq8i202b",,,"IDLE","DUMPING","Status change recorded","Location-15",34,
"cmhsbk22k0hvmmaftdql6zp0h","2025-11-04T09:02:53.549Z","cmhsbjpm305damaftchbr8y81",,,"REFUELING","REFUELING",,"Location-9",132,
"cmhsbk22m0hvomaftowd50dml","2025-11-07T14:02:53.549Z",,,"cmhsbjr2h06aomaft5qr02cx2","IDLE","ACTIVE","Status change recorded","Location-9",144,
