"id","truckId","excavatorId","maintenanceType","description","scheduledDate","completionDate","cost","status"
"cmioppt010blu96teekp6s34m",,,"OVERHAUL","Maintenance INSPECTION 135","2025-11-29T15:07:54.317Z","2025-12-03T19:07:54.317Z",41840402.95498084,"COMPLETED"
"cmioppszy0bls96tenk66nxeb","cmiopphcl04ng96teinp9qby2",,"INSPECTION","Maintenance OVERHAUL 134","2025-11-28T15:07:54.317Z","2025-12-03T14:07:54.317Z",35484747.52667466,"COMPLETED"
"cmiopptgq0bvw96tehefz7a6o",,,"OVERHAUL","Maintenance PREDICTIVE 316","2025-11-28T15:07:54.318Z","2025-12-03T01:07:54.318Z",21005341.52007414,"COMPLETED"
"cmiopptz10c5k96te3732o2yp",,,"CORRECTIVE","Maintenance PREDICTIVE 490","2025-11-28T15:07:54.318Z","2025-12-02T18:07:54.318Z",6762395.734557409,"COMPLETED"
"cmiopptan0bs296tenn3cp8wv","cmiopphk004tq96teid5x6wl1",,"INSPECTION","Maintenance CORRECTIVE 247",,"2025-12-02T09:07:54.317Z",41016286.03231217,"COMPLETED"
"cmioppsts0bhq96ten6g8pnaj",,"cmioppici05f196te33ibhssl","CORRECTIVE","Maintenance PREVENTIVE 61","2025-11-27T15:07:54.317Z","2025-12-01T23:07:54.317Z",49591088.58314236,"COMPLETED"
"cmiopptxm0c4s96te9vykxcm0","cmioppi02056g96telttsbhfy",,"CORRECTIVE","Maintenance INSPECTION 476","2025-11-26T15:07:54.318Z","2025-12-01T12:07:54.318Z",53618612.32347205,"COMPLETED"
"cmiopptwb0c3y96tebe43rel9",,"cmioppj2x05q596te7lfsbvqk","OVERHAUL","Maintenance OVERHAUL 461",,"2025-11-30T02:07:54.318Z",49551541.26973902,"COMPLETED"
"cmioppu580c9o96teqerjyhnf",,"cmioppjb505t096tel4ivd9jp","PREDICTIVE","Maintenance OVERHAUL 564","2025-11-26T15:07:54.318Z","2025-11-29T17:07:54.318Z",51316689.10332749,"COMPLETED"
"cmioppsxa0bjy96te9w2g2no5","cmiopph9904lm96tetzkjaea2",,"OVERHAUL","Maintenance PREDICTIVE 101","2025-11-25T15:07:54.317Z","2025-11-28T15:07:54.317Z",20021872.75556314,"COMPLETED"
"cmioppu6k0cao96tek0n6v2fu",,,"CORRECTIVE","Maintenance PREVENTIVE 582","2025-11-24T15:07:54.318Z","2025-11-27T22:07:54.318Z",47809154.04753309,"COMPLETED"
"cmioppsr50bg696tet1g2lau9",,,"PREDICTIVE","Maintenance PREDICTIVE 33","2025-11-22T15:07:54.317Z","2025-11-27T09:07:54.317Z",10267023.02880456,"COMPLETED"
"cmiopptck0bt496te3wsaihbt",,"cmioppiqj05kq96tezq1piptt","OVERHAUL","Maintenance PREVENTIVE 266","2025-11-22T15:07:54.317Z","2025-11-26T06:07:54.317Z",17573213.84098842,"COMPLETED"
"cmioppt0x0bmi96tegag9twnl","cmiopphdj04o696teciu31c34",,"INSPECTION","Maintenance PREVENTIVE 147","2025-11-21T15:07:54.317Z","2025-11-26T02:07:54.317Z",6731803.641294017,"COMPLETED"
"cmioppsx30bjw96tecxobsrkv","cmiopph9604lk96tei8yaq9i0",,"INSPECTION","Maintenance CORRECTIVE 100",,"2025-11-26T02:07:54.317Z",53382395.56657054,"COMPLETED"
"cmioppu2s0c8096te4lsxggnp","cmioppi56059o96tegrcvi78q",,"CORRECTIVE","Maintenance OVERHAUL 534","2025-11-20T15:07:54.318Z","2025-11-25T10:07:54.318Z",54979333.16089289,"COMPLETED"
"cmiopptb10bsa96te3t9uhw2i","cmiopphk904ty96teus8f2a6r",,"PREVENTIVE","Maintenance CORRECTIVE 251",,"2025-11-25T02:07:54.317Z",34747012.96941233,"COMPLETED"
"cmiopptxs0c4y96te14jytbou",,"cmioppj6705qn96tegu00smj1","PREDICTIVE","Maintenance CORRECTIVE 479","2025-11-19T15:07:54.318Z","2025-11-23T12:07:54.318Z",41555402.3461156,"COMPLETED"
"cmioppsyj0bkq96te9c7gbt0a","cmiopphb604me96te3cdny2dp",,"CORRECTIVE","Maintenance PREVENTIVE 115","2025-11-19T15:07:54.317Z","2025-11-23T03:07:54.317Z",35571403.13499699,"COMPLETED"
"cmiopptz30c5m96teoh8jcuai","cmioppi1z057a96tet3nrldyt",,"PREDICTIVE","Maintenance PREDICTIVE 491","2025-11-17T15:07:54.318Z","2025-11-21T09:07:54.318Z",47356741.76735692,"COMPLETED"
"cmioppsv00big96tee2tzk3ui",,,"INSPECTION","Maintenance INSPECTION 74","2025-11-16T15:07:54.317Z","2025-11-19T20:07:54.317Z",15051671.96006929,"COMPLETED"
"cmioppu130c7496ternfqnbwm",,"cmioppj8t05rq96tefqohgbw9","PREVENTIVE","Maintenance CORRECTIVE 518","2025-11-14T15:07:54.318Z","2025-11-18T22:07:54.318Z",24064748.52902649,"COMPLETED"
"cmioppt8z0bre96tepmdl0e6p","cmiopphj904t296teqv1qkvhr",,"OVERHAUL","Maintenance PREVENTIVE 235",,"2025-11-18T14:07:54.317Z",45380510.63705417,"COMPLETED"
"cmioppu5q0ca096tet6l23gtd","cmioppi7m05bo96tedutz4iud",,"CORRECTIVE","Maintenance PREDICTIVE 570","2025-11-14T15:07:54.318Z","2025-11-18T09:07:54.318Z",45323097.91790966,"COMPLETED"
"cmiopptlz0bze96tezur7nkgm",,"cmioppix605nv96tei30d4err","OVERHAUL","Maintenance PREVENTIVE 379",,"2025-11-17T21:07:54.318Z",8830001.375856595,"COMPLETED"
"cmioppt360bni96teturw0zex",,"cmioppijt05hx96terjfh60s6","CORRECTIVE","Maintenance CORRECTIVE 165",,"2025-11-17T16:07:54.317Z",36851159.68088344,"COMPLETED"
"cmioppt2m0bn896teullxqczt",,"cmioppijj05hs96te2ftbsp38","INSPECTION","Maintenance CORRECTIVE 160",,"2025-11-16T13:07:54.317Z",52213710.2387838,"COMPLETED"
"cmiopptyw0c5i96te1ceq5ii1","cmioppi1s057696teka2icpqd",,"PREVENTIVE","Maintenance INSPECTION 489",,"2025-11-16T08:07:54.318Z",52638790.24419839,"COMPLETED"
"cmioppu3p0c8q96tepp1frdmo",,"cmioppja905sj96tec8qxr6me","OVERHAUL","Maintenance PREDICTIVE 547","2025-11-11T15:07:54.318Z","2025-11-16T07:07:54.318Z",23783555.08727793,"COMPLETED"
"cmioppu0p0c6u96texcky55a2","cmioppi3m058i96te11ns983b",,"PREDICTIVE","Maintenance INSPECTION 513","2025-11-09T15:07:54.318Z","2025-11-13T19:07:54.318Z",12399291.61202266,"COMPLETED"
"cmiopptm70bzk96tef51yrrm6","cmiopphu7051896teopwuo8k8",,"CORRECTIVE","Maintenance INSPECTION 382","2025-11-08T15:07:54.318Z","2025-11-13T07:07:54.318Z",10227332.11279159,"COMPLETED"
"cmioppu4g0c9696tekgcchr9d","cmioppi6p05au96tet6bqytb2",,"INSPECTION","Maintenance PREDICTIVE 555",,"2025-11-13T07:07:54.318Z",48417090.8005098,"COMPLETED"
"cmioppu360c8a96te3gftuknr",,"cmioppj9u05sb96tephwa9u26","CORRECTIVE","Maintenance INSPECTION 539","2025-11-07T15:07:54.318Z","2025-11-12T09:07:54.318Z",22063162.36738952,"COMPLETED"
"cmiopptgw0bw296te5nhfsnkq","cmiopphq004xq96te2zooq0aw",,"PREDICTIVE","Maintenance PREVENTIVE 319",,"2025-11-12T06:07:54.318Z",24937564.07533101,"COMPLETED"
"cmioppthu0bwu96te459ffdg1",,,"PREVENTIVE","Maintenance PREDICTIVE 333","2025-11-07T15:07:54.318Z","2025-11-11T19:07:54.318Z",52217413.51324569,"COMPLETED"
"cmiopptx70c4g96te0nqzztmc",,,"PREVENTIVE","Maintenance PREVENTIVE 470","2025-11-06T15:07:54.318Z","2025-11-10T07:07:54.318Z",39879591.42982256,"COMPLETED"
"cmioppstj0bhk96te94zobih0","cmiopph4v04j896te52w8s2ex",,"CORRECTIVE","Maintenance PREDICTIVE 58",,"2025-11-10T03:07:54.317Z",30108221.44038567,"COMPLETED"
"cmioppsus0bia96telz3n1aeb",,"cmioppid705fb96tezy8rs42h","CORRECTIVE","Maintenance PREVENTIVE 71",,"2025-11-09T19:07:54.317Z",27301640.81375509,"COMPLETED"
"cmiopptb30bsc96te7c10l959",,"cmioppipp05kc96teei7m29dh","INSPECTION","Maintenance OVERHAUL 252","2025-11-05T15:07:54.317Z","2025-11-08T15:07:54.317Z",42220738.81206468,"COMPLETED"
"cmioppsxz0bka96te7yc7uvmj","cmiopphac04ly96tein8e7w70",,"PREVENTIVE","Maintenance OVERHAUL 107","2025-11-02T15:07:54.317Z","2025-11-06T22:07:54.317Z",43171960.91367377,"COMPLETED"
"cmioppt4j0boo96tetq3hje0p",,,"OVERHAUL","Maintenance CORRECTIVE 186",,"2025-11-06T20:07:54.317Z",46234835.0161016,"COMPLETED"
"cmioppsq70bfk96terna2cxbn",,,"CORRECTIVE","Maintenance PREVENTIVE 22",,"2025-11-06T17:07:54.317Z",16297125.2482547,"COMPLETED"
"cmioppstc0bhg96tepr8t07f8",,,"PREDICTIVE","Maintenance OVERHAUL 56","2025-11-01T15:07:54.317Z","2025-11-06T00:07:54.317Z",39010030.73518657,"COMPLETED"
"cmioppsru0bgs96tee7axg2a4",,"cmioppibn05ek96tezqexdlhk","PREVENTIVE","Maintenance PREVENTIVE 44","2025-11-02T15:07:54.317Z","2025-11-05T23:07:54.317Z",13263485.02237546,"COMPLETED"
"cmioppu010c6c96tezefue6kd","cmioppi2x058096tec8u5raki",,"PREVENTIVE","Maintenance INSPECTION 504",,"2025-11-05T21:07:54.318Z",50137046.36666866,"COMPLETED"
"cmiopptrn0c2k96te9y631z56",,"cmioppj1d05pg96tewz22rqm6","OVERHAUL","Maintenance INSPECTION 436",,"2025-11-05T12:07:54.318Z",26899603.36440662,"COMPLETED"
"cmiopptka0by896te4sz6cuy5","cmiopphsr04zw96te3ztqujdl",,"PREDICTIVE","Maintenance INSPECTION 358","2025-11-01T15:07:54.318Z","2025-11-05T05:07:54.318Z",34716011.98584938,"COMPLETED"
"cmioppsyq0bkw96teu17fvgm9",,,"INSPECTION","Maintenance CORRECTIVE 118","2025-10-31T15:07:54.317Z","2025-11-04T03:07:54.317Z",18474428.80451818,"COMPLETED"
"cmioppu6m0caq96te37oun7li","cmioppi8c05ce96te2x9rzsmy",,"PREVENTIVE","Maintenance OVERHAUL 583",,"2025-11-03T03:07:54.318Z",43073894.0134825,"COMPLETED"
"cmioppu6v0cay96tedvq3e5ng",,"cmioppjcw05tn96te8ahh59g9","PREVENTIVE","Maintenance PREVENTIVE 587","2025-10-29T15:07:54.318Z","2025-11-02T17:07:54.318Z",33469791.24302509,"COMPLETED"
"cmioppspn0bfc96tezpxi6r0u",,"cmioppiac05du96ted7yi4vbz","PREVENTIVE","Maintenance CORRECTIVE 18",,"2025-11-02T17:07:54.317Z",33482560.73303714,"COMPLETED"
"cmioppu640caa96tenmvvgusd","cmioppi7w05by96teblnivpyg",,"PREDICTIVE","Maintenance PREDICTIVE 575",,"2025-11-02T02:07:54.318Z",52005412.63011071,"COMPLETED"
"cmioppsza0bl896teuocr3ddg",,"cmioppih905gs96te3xgbosyq","PREVENTIVE","Maintenance PREDICTIVE 124",,"2025-11-02T01:07:54.317Z",22550565.38724731,"COMPLETED"
"cmioppt0o0bmc96teea3t567z","cmiopphdd04o096temp9r9hap",,"PREVENTIVE","Maintenance PREDICTIVE 144","2025-10-27T15:07:54.317Z","2025-11-01T07:07:54.317Z",24647321.54978684,"COMPLETED"
"cmiopptxz0c5496texafweniq","cmioppi0v056s96te4fkaxxj4",,"OVERHAUL","Maintenance OVERHAUL 482","2025-10-26T15:07:54.318Z","2025-10-30T07:07:54.318Z",51692925.0711703,"COMPLETED"
"cmiopptws0c4a96tex9oy945k",,,"INSPECTION","Maintenance OVERHAUL 467","2025-10-26T15:07:54.318Z","2025-10-30T05:07:54.318Z",20262820.3161454,"COMPLETED"
"cmioppu1b0c7a96tef40ci5nc",,"cmioppj8y05rt96te12697cnl","PREDICTIVE","Maintenance PREDICTIVE 521","2025-10-26T15:07:54.318Z","2025-10-29T18:07:54.318Z",34370246.22216617,"COMPLETED"
"cmioppsy40bke96tenetrefwv",,"cmioppiga05gd96teojnq0qa6","PREDICTIVE","Maintenance INSPECTION 109",,"2025-10-29T03:07:54.317Z",45740734.60455526,"COMPLETED"
"cmioppti50bx496te43bkvgvv",,,"OVERHAUL","Maintenance PREDICTIVE 338",,"2025-10-28T22:07:54.318Z",9014954.940670822,"COMPLETED"
"cmiopptjy0by296teksg14621","cmiopphsj04zq96te7fw9a6sj",,"PREVENTIVE","Maintenance INSPECTION 355","2025-10-23T15:07:54.318Z","2025-10-28T04:07:54.318Z",35573888.36929995,"COMPLETED"
"cmioppszu0blo96te30s73vrc",,"cmioppiht05h096tehvzu6ahg","INSPECTION","Maintenance PREDICTIVE 132","2025-10-24T15:07:54.317Z","2025-10-27T21:07:54.317Z",47318607.9831984,"COMPLETED"
"cmioppto00c0g96tev6ax89zl","cmiopphv5052496teknp77dfb",,"INSPECTION","Maintenance INSPECTION 398","2025-10-22T15:07:54.318Z","2025-10-26T22:07:54.318Z",41222741.06693767,"COMPLETED"
"cmiopptbk0bsk96te5nldklr9",,,"OVERHAUL","Maintenance CORRECTIVE 256",,"2025-10-26T16:07:54.317Z",48009319.79242723,"COMPLETED"
"cmioppu7y0cbg96tey2p8vogs","cmioppi9305d496teienaqzud",,"INSPECTION","Maintenance INSPECTION 596","2025-10-21T15:07:54.318Z","2025-10-25T06:07:54.318Z",46320361.74288169,"COMPLETED"
"cmioppsvn0bj096teiaguelcd",,"cmioppiem05fo96te7ik341dj","PREDICTIVE","Maintenance CORRECTIVE 84","2025-10-19T15:07:54.317Z","2025-10-24T14:07:54.317Z",10041932.29594795,"COMPLETED"
"cmioppt4u0bou96tepv15tg0x",,"cmioppil205il96teh35d628o","INSPECTION","Maintenance CORRECTIVE 189",,"2025-10-22T17:07:54.317Z",33942795.55798042,"COMPLETED"
"cmioppssx0bha96tenxos4d4f","cmiopph4k04iy96te4ar5dyrm",,"INSPECTION","Maintenance PREDICTIVE 53","2025-10-18T15:07:54.317Z","2025-10-21T21:07:54.317Z",41179868.79597379,"COMPLETED"
"cmioppt7a0bpy96te3fcucwy3","cmiopphho04rm96tew8p02p4m",,"INSPECTION","Maintenance PREDICTIVE 209",,"2025-10-21T12:07:54.317Z",21677037.26311021,"COMPLETED"
"cmioppt850bqm96tehq8lu1lm","cmiopphif04sa96te7hek66so",,"INSPECTION","Maintenance PREVENTIVE 221","2025-10-16T15:07:54.317Z","2025-10-21T10:07:54.317Z",18320381.84794797,"COMPLETED"
"cmiopptlm0bz496tek0bt63je","cmiopphtq050s96texvjwr6rr",,"OVERHAUL","Maintenance PREVENTIVE 374","2025-10-16T15:07:54.318Z","2025-10-20T22:07:54.318Z",23525211.7785846,"COMPLETED"
"cmiopptoa0c0m96te2de8ukw3","cmiopphvd052a96teetxga9mu",,"PREVENTIVE","Maintenance INSPECTION 401","2025-10-15T15:07:54.318Z","2025-10-20T08:07:54.318Z",52804669.04797296,"COMPLETED"
"cmioppspk0bfa96tegqpn9vlf",,,"PREDICTIVE","Maintenance OVERHAUL 17","2025-10-15T15:07:54.317Z","2025-10-19T23:07:54.317Z",34146516.9625666,"COMPLETED"
"cmioppsqn0bfu96tej2tz65hg","cmiopph2z04hi96tez8ki1x7u",,"INSPECTION","Maintenance CORRECTIVE 27","2025-10-15T15:07:54.317Z","2025-10-19T05:07:54.317Z",10208441.35135038,"COMPLETED"
"cmioppu660cac96te0l6a63l2",,,"OVERHAUL","Maintenance OVERHAUL 576",,"2025-10-19T04:07:54.318Z",53829338.10620965,"COMPLETED"
"cmiopptif0bxc96tehtm51ttt",,"cmioppiv805mu96te4m8ur8ty","OVERHAUL","Maintenance PREDICTIVE 342",,"2025-10-17T23:07:54.318Z",21206340.75377589,"COMPLETED"
"cmiopptow0c1496te539rby9j",,,"INSPECTION","Maintenance OVERHAUL 410",,"2025-10-17T12:07:54.318Z",28817351.59612796,"COMPLETED"
"cmioppswl0bjq96teih88cqqk","cmiopph7z04le96teaj2w8vrk",,"CORRECTIVE","Maintenance INSPECTION 97","2025-10-12T15:07:54.317Z","2025-10-17T12:07:54.317Z",46524525.72199066,"COMPLETED"
"cmiopptce0bt096tes2z11g1i",,,"OVERHAUL","Maintenance INSPECTION 264","2025-10-11T15:07:54.317Z","2025-10-15T20:07:54.317Z",29924647.97086131,"COMPLETED"
"cmioppth30bw896teq8eyshry","cmiopphqa04xw96tebcvbeaqq",,"PREDICTIVE","Maintenance CORRECTIVE 322","2025-10-11T15:07:54.318Z","2025-10-15T19:07:54.318Z",17595912.3004342,"COMPLETED"
"cmiopptop0c0y96te1235donv","cmiopphvp052m96teb0x6dnjf",,"PREDICTIVE","Maintenance INSPECTION 407","2025-10-11T15:07:54.318Z","2025-10-15T03:07:54.318Z",46752768.88219152,"COMPLETED"
"cmioppu250c7q96tedbsamdd1",,,"CORRECTIVE","Maintenance INSPECTION 529","2025-10-10T15:07:54.318Z","2025-10-14T21:07:54.318Z",45273148.94422659,"COMPLETED"
"cmioppt3q0bny96tewt9y0k5o","cmiopphfg04pm96tekxmmc8sm",,"OVERHAUL","Maintenance INSPECTION 173",,"2025-10-14T14:07:54.317Z",31490201.15415658,"COMPLETED"
"cmioppt1p0bmw96teej9eyncv","cmiopphe304ok96te1d56d5kw",,"OVERHAUL","Maintenance INSPECTION 154","2025-10-10T15:07:54.317Z","2025-10-14T14:07:54.317Z",37341900.26463328,"COMPLETED"
"cmiopptt20c3i96tesl913s50","cmiopphyk055696tepy9rplwt",,"OVERHAUL","Maintenance PREDICTIVE 453","2025-10-09T15:07:54.318Z","2025-10-13T17:07:54.318Z",24552341.0551873,"COMPLETED"
"cmioppt1f0bmq96tewl625isu",,,"PREDICTIVE","Maintenance CORRECTIVE 151","2025-10-08T15:07:54.317Z","2025-10-13T13:07:54.317Z",38992572.33515829,"COMPLETED"
"cmiopptwx0c4c96te12ydtt8x","cmiopphzg056096te5ub6vkfj",,"INSPECTION","Maintenance OVERHAUL 468","2025-10-08T15:07:54.318Z","2025-10-13T11:07:54.318Z",54303974.68359304,"COMPLETED"
"cmioppsqq0bfw96te3idqrs95",,,"CORRECTIVE","Maintenance OVERHAUL 28","2025-10-09T15:07:54.317Z","2025-10-13T08:07:54.317Z",51320786.61512167,"COMPLETED"
"cmioppt2q0bna96tept08z623","cmiopphem04oy96te2f6f4iaz",,"PREVENTIVE","Maintenance PREDICTIVE 161","2025-10-09T15:07:54.317Z","2025-10-13T05:07:54.317Z",30567039.11700041,"COMPLETED"
"cmioppthr0bws96teops7vzlq","cmiopphr504yg96tea9xwpe6e",,"PREDICTIVE","Maintenance OVERHAUL 332","2025-10-08T15:07:54.318Z","2025-10-12T12:07:54.318Z",42675578.84887609,"COMPLETED"
"cmiopptax0bs896te09zpxmlh",,"cmioppipm05ka96te4tum1rg2","PREDICTIVE","Maintenance CORRECTIVE 250",,"2025-10-12T10:07:54.317Z",54280920.83609053,"COMPLETED"
"cmiopptg60bvc96teh2dp71q2",,"cmioppit805lu96te3k7xyfdc","OVERHAUL","Maintenance INSPECTION 306",,"2025-10-12T09:07:54.317Z",6222267.983679038,"COMPLETED"
"cmiopptfo0buy96te3kzlg17w","cmiopphoe04wm96te65qkb3dj",,"CORRECTIVE","Maintenance CORRECTIVE 299",,"2025-10-12T05:07:54.317Z",14480133.08443846,"COMPLETED"
"cmioppsz10bl496teznzjng3y",,,"PREDICTIVE","Maintenance PREVENTIVE 122","2025-10-07T15:07:54.317Z","2025-10-12T01:07:54.317Z",34865410.38240882,"COMPLETED"
"cmioppu6g0cak96tenn637m6g",,"cmioppjc705tg96tetyarjzw9","PREDICTIVE","Maintenance CORRECTIVE 580",,"2025-10-11T16:07:54.318Z",24989019.821037,"COMPLETED"
"cmioppsy10bkc96tenmedop4q","cmiopphah04m096te512cpal9",,"CORRECTIVE","Maintenance OVERHAUL 108","2025-10-06T15:07:54.317Z","2025-10-10T05:07:54.317Z",42175876.68510426,"COMPLETED"
"cmioppsxq0bk496tevdv50e6l",,,"PREDICTIVE","Maintenance OVERHAUL 104","2025-10-05T15:07:54.317Z","2025-10-08T20:07:54.317Z",37221444.92335999,"COMPLETED"
"cmiopptxo0c4u96tepl1iy9hc",,,"PREVENTIVE","Maintenance CORRECTIVE 477","2025-10-04T15:07:54.318Z","2025-10-07T22:07:54.318Z",18684629.7408601,"COMPLETED"
"cmioppthh0bwk96te3qicau15",,"cmioppiuj05mg96te2ns0obz9","CORRECTIVE","Maintenance CORRECTIVE 328",,"2025-10-07T12:07:54.318Z",41640386.50122093,"COMPLETED"
"cmiopptoi0c0s96tejk8et8sg",,"cmioppiye05ok96ted5qgagnv","PREDICTIVE","Maintenance PREVENTIVE 404","2025-10-03T15:07:54.318Z","2025-10-07T04:07:54.318Z",44662236.47789367,"COMPLETED"
"cmiopptcp0bt896tec6c75jxh","cmiopphld04uw96ten4mjb3mv",,"PREDICTIVE","Maintenance OVERHAUL 268",,"2025-10-07T02:07:54.317Z",8326729.426425157,"COMPLETED"
"cmioppsyo0bku96tenk9s4m8b","cmiopphbd04mi96te2odqr6ko",,"PREDICTIVE","Maintenance CORRECTIVE 117","2025-10-02T15:07:54.317Z","2025-10-06T19:07:54.317Z",38691366.95734086,"COMPLETED"
"cmiopptik0bxg96tec901h167",,,"OVERHAUL","Maintenance INSPECTION 344","2025-10-01T15:07:54.318Z","2025-10-05T12:07:54.318Z",53552600.42358624,"COMPLETED"
"cmioppu770cb896teskas6b9l",,"cmioppjdb05ts96tec6v7ir66","INSPECTION","Maintenance INSPECTION 592","2025-10-01T15:07:54.318Z","2025-10-05T11:07:54.318Z",15811380.70732717,"COMPLETED"
"cmiopptg20bv896te8zk576ui",,,"PREVENTIVE","Maintenance PREVENTIVE 304",,"2025-10-05T11:07:54.317Z",45605740.63562793,"COMPLETED"
"cmiopptmg0bzo96texol6brkl",,,"PREVENTIVE","Maintenance PREVENTIVE 384","2025-10-01T15:07:54.318Z","2025-10-04T18:07:54.318Z",19411502.58596922,"COMPLETED"
"cmioppt8s0br896teiq5shk0z","cmiopphj204sw96tefgxfxet6",,"PREDICTIVE","Maintenance OVERHAUL 232","2025-09-29T15:07:54.317Z","2025-10-03T19:07:54.317Z",21043724.20647863,"COMPLETED"
"cmioppsq00bfg96teiiayg93g",,"cmioppiaf05dw96tej8qrves2","PREDICTIVE","Maintenance INSPECTION 20",,"2025-10-03T06:07:54.317Z",19285014.77676678,"COMPLETED"
"cmiopptm40bzi96te07gx266o",,"cmioppixa05nx96tebz37tvh2","CORRECTIVE","Maintenance PREVENTIVE 381",,"2025-10-02T20:07:54.318Z",9124936.156497939,"COMPLETED"
"cmioppsvf0bis96teazaohewg","cmiopph6404kg96tes4q1xeuv",,"PREDICTIVE","Maintenance CORRECTIVE 80","2025-09-27T15:07:54.317Z","2025-10-02T09:07:54.317Z",33038755.93286394,"COMPLETED"
"cmioppt940bri96te072mcrvg",,,"PREDICTIVE","Maintenance PREVENTIVE 237",,"2025-10-01T21:07:54.317Z",43253107.32539885,"COMPLETED"
"cmioppsva0bio96te83dpbkwx",,"cmioppie305fi96test60yb60","OVERHAUL","Maintenance OVERHAUL 78",,"2025-10-01T04:07:54.317Z",50875002.85741303,"COMPLETED"
"cmioppsyu0bky96te8y6jz2m1",,,"INSPECTION","Maintenance CORRECTIVE 119","2025-09-26T15:07:54.317Z","2025-10-01T00:07:54.317Z",17210377.62342514,"COMPLETED"
"cmioppu0b0c6k96te5t92n8ry","cmioppi38058896te2npyiqfs",,"CORRECTIVE","Maintenance INSPECTION 508",,"2025-09-26T15:07:54.318Z",42110762.65744641,"COMPLETED"
"cmiopptwj0c4496te0cq4ie68","cmiopphz8055s96te0bu6yg8l",,"PREDICTIVE","Maintenance OVERHAUL 464",,"2025-09-26T08:07:54.318Z",54325551.79579508,"COMPLETED"
"cmiopptd50btm96tef9v01a5z","cmiopphlz04va96te46jddpan",,"PREDICTIVE","Maintenance INSPECTION 275",,"2025-09-26T03:07:54.317Z",22498106.52398329,"COMPLETED"
"cmioppszs0blm96tert3cb9ph",,"cmioppihr05gz96tehz5nuofv","PREVENTIVE","Maintenance OVERHAUL 131",,"2025-09-24T19:07:54.317Z",36660262.84098406,"COMPLETED"
"cmioppt9r0bro96tezc0hh9ro","cmiopphjj04tc96te41izzlwx",,"PREVENTIVE","Maintenance PREVENTIVE 240","2025-09-20T15:07:54.317Z","2025-09-24T08:07:54.317Z",30465857.32226443,"COMPLETED"
"cmiopptkw0bym96tewiv7orfw","cmioppht7050a96te9kye4hwn",,"PREVENTIVE","Maintenance PREVENTIVE 365",,"2025-09-23T04:07:54.318Z",18309249.19687453,"COMPLETED"
"cmiopptrc0c2e96tepg58rrih","cmiopphxc054296te25p78kh7",,"PREVENTIVE","Maintenance OVERHAUL 433","2025-09-17T15:07:54.318Z","2025-09-22T08:07:54.318Z",49061460.41442334,"COMPLETED"
"cmiopptp60c1c96te3ne70goi","cmiopphw8053096teb0ci1fif",,"OVERHAUL","Maintenance CORRECTIVE 414","2025-09-17T15:07:54.318Z","2025-09-22T00:07:54.318Z",38441335.19851032,"COMPLETED"
"cmioppta60brw96tecwpn7mpi","cmiopphjt04tk96teqjw1heb6",,"PREVENTIVE","Maintenance PREVENTIVE 244","2025-09-16T15:07:54.317Z","2025-09-21T08:07:54.317Z",27153857.93203845,"COMPLETED"
"cmiopptjo0bxw96tewiod607l","cmiopphsa04zk96te0q784se5",,"PREDICTIVE","Maintenance CORRECTIVE 352","2025-09-16T15:07:54.318Z","2025-09-20T16:07:54.318Z",49495861.68344688,"COMPLETED"
"cmioppsrj0bgi96tedlf6d48s",,"cmioppibe05ef96tecd64j4jp","PREDICTIVE","Maintenance PREVENTIVE 39","2025-09-15T15:07:54.317Z","2025-09-20T01:07:54.317Z",40326668.82518894,"COMPLETED"
"cmioppt7u0bqe96tepjhgwej0","cmiopphi604s296tekux4e0tr",,"PREVENTIVE","Maintenance INSPECTION 217","2025-09-14T15:07:54.317Z","2025-09-19T03:07:54.317Z",54246073.44595775,"COMPLETED"
"cmioppspt0bfe96tenzs9jazv","cmiopph2h04h296te0jq0yfd1",,"OVERHAUL","Maintenance OVERHAUL 19","2025-09-14T15:07:54.317Z","2025-09-18T22:07:54.317Z",27371114.20663811,"COMPLETED"
"cmioppt410bo896tegc72igqz","cmiopphfs04pw96te7t6nc2qw",,"OVERHAUL","Maintenance OVERHAUL 178",,"2025-09-18T19:07:54.317Z",39314378.77535528,"COMPLETED"
"cmiopptng0c0496te6gjtu5mj","cmiopphur051s96teugmip0dr",,"OVERHAUL","Maintenance INSPECTION 392","2025-09-14T15:07:54.318Z","2025-09-18T14:07:54.318Z",47189483.72277948,"COMPLETED"
"cmiopptcu0btc96tek9dfz56g","cmiopphli04v096telp9n53nf",,"OVERHAUL","Maintenance INSPECTION 270","2025-09-14T15:07:54.317Z","2025-09-18T11:07:54.317Z",44457277.22917338,"COMPLETED"
"cmiopptfd0bus96teysyzi4p3","cmioppho604wg96texeoie1tj",,"CORRECTIVE","Maintenance INSPECTION 296",,"2025-09-18T05:07:54.317Z",27787650.56376835,"COMPLETED"
"cmioppsq30bfi96te516irlbl",,,"INSPECTION","Maintenance PREVENTIVE 21","2025-09-12T15:07:54.317Z","2025-09-16T15:07:54.317Z",49997020.35171051,"COMPLETED"
"cmioppt8a0bqq96te7hkc3zes",,,"PREDICTIVE","Maintenance CORRECTIVE 223","2025-09-11T15:07:54.317Z","2025-09-16T10:07:54.317Z",43243945.01102363,"COMPLETED"
"cmiopptaj0bs096tejy0kf40y",,"cmioppipc05k696te90qelccx","PREVENTIVE","Maintenance PREDICTIVE 246","2025-09-11T15:07:54.317Z","2025-09-16T02:07:54.317Z",16456878.64142358,"COMPLETED"
"cmiopptko0byg96tek3nccfun",,,"CORRECTIVE","Maintenance PREDICTIVE 362",,"2025-09-15T21:07:54.318Z",24936736.74273049,"COMPLETED"
"cmioppu0s0c6w96tec3tcdknx","cmioppi3p058k96te9tp04tba",,"PREVENTIVE","Maintenance OVERHAUL 514",,"2025-09-15T18:07:54.318Z",36672333.2184594,"COMPLETED"
"cmioppt1s0bmy96tey63wbq0t","cmiopphe504om96tejcij5dsn",,"PREVENTIVE","Maintenance INSPECTION 155",,"2025-09-15T16:07:54.317Z",42567673.24870128,"COMPLETED"
"cmioppsrp0bgo96teqn8j2jkr","cmiopph3w04ic96tedx56j36g",,"CORRECTIVE","Maintenance PREVENTIVE 42","2025-09-11T15:07:54.317Z","2025-09-14T18:07:54.317Z",43456787.66070011,"COMPLETED"
"cmiopptwe0c4096tebjf4smi4",,,"OVERHAUL","Maintenance CORRECTIVE 462",,"2025-09-13T23:07:54.318Z",27597742.04337182,"COMPLETED"
"cmiopptbb0bsg96tec9c2z60w",,,"PREVENTIVE","Maintenance CORRECTIVE 254","2025-09-08T15:07:54.317Z","2025-09-12T22:07:54.317Z",11876012.05914295,"COMPLETED"
"cmioppu7b0cba96telyf2jwx3",,,"OVERHAUL","Maintenance INSPECTION 593","2025-09-09T15:07:54.318Z","2025-09-12T15:07:54.318Z",46629342.72018815,"COMPLETED"
"cmiopptlj0bz296terx8597uy","cmiopphtp050q96teevghrk9y",,"PREVENTIVE","Maintenance PREDICTIVE 373","2025-09-08T15:07:54.318Z","2025-09-12T13:07:54.318Z",48949546.37410747,"COMPLETED"
"cmioppu5b0c9q96texdujrse0",,"cmioppjb705t196tesieqo1eo","INSPECTION","Maintenance OVERHAUL 565",,"2025-09-12T08:07:54.318Z",42884557.30422502,"COMPLETED"
"cmiopptq70c1o96te7v4fv7th","cmiopphwj053c96tezrf2ashi",,"OVERHAUL","Maintenance PREDICTIVE 420","2025-09-07T15:07:54.318Z","2025-09-11T20:07:54.318Z",37120574.90660385,"COMPLETED"
"cmiopptzg0c5u96tez32sngdj",,"cmioppj7h05r396ter7k8hwd7","OVERHAUL","Maintenance PREVENTIVE 495",,"2025-09-11T11:07:54.318Z",17022558.47860968,"COMPLETED"
"cmioppt3x0bo496teif9ontfl",,"cmioppike05i896texhxq7ben","PREDICTIVE","Maintenance CORRECTIVE 176",,"2025-09-11T10:07:54.317Z",22014462.46278725,"COMPLETED"
"cmioppsvv0bj896te25gle8fg",,,"PREVENTIVE","Maintenance INSPECTION 88",,"2025-09-11T02:07:54.317Z",17637719.28709706,"COMPLETED"
"cmioppsos0bew96tefmohcngo",,"cmioppi9x05dm96tex7gtc3ai","PREVENTIVE","Maintenance CORRECTIVE 10","2025-09-05T15:07:54.317Z","2025-09-10T04:07:54.317Z",46982877.95264952,"COMPLETED"
"cmioppt7o0bq896teo0o2q9p2","cmiopphi004rw96tetppjrdny",,"PREDICTIVE","Maintenance PREVENTIVE 214",,"2025-09-10T02:07:54.317Z",34106034.01218706,"COMPLETED"
"cmiopptfa0buq96tex6v7yvcw","cmioppho404we96teiulsusre",,"CORRECTIVE","Maintenance OVERHAUL 295",,"2025-09-08T22:07:54.317Z",14233822.49705553,"COMPLETED"
"cmiopptrv0c2o96tew8pgbock","cmiopphxo054c96tewhcwwtlp",,"PREVENTIVE","Maintenance INSPECTION 438",,"2025-09-07T23:07:54.318Z",5197953.495987047,"COMPLETED"
"cmioppu3g0c8i96tegk30w8dg",,"cmioppja105sf96teuhsxwaoy","PREVENTIVE","Maintenance OVERHAUL 543","2025-09-03T15:07:54.318Z","2025-09-07T21:07:54.318Z",51201707.2732942,"COMPLETED"
"cmiopptmc0bzm96texhcuj9vz","cmiopphu9051a96te2v2d85gf",,"OVERHAUL","Maintenance CORRECTIVE 383",,"2025-09-07T10:07:54.318Z",39255105.65231514,"COMPLETED"
"cmioppsqx0bg096teh7ylnls3","cmiopph3704ho96tek36p689e",,"CORRECTIVE","Maintenance PREVENTIVE 30","2025-09-03T15:07:54.317Z","2025-09-07T07:07:54.317Z",35472749.49724126,"COMPLETED"
"cmioppt0g0bm896tev2ki778d","cmiopphd804nw96teknnza36k",,"PREVENTIVE","Maintenance CORRECTIVE 142",,"2025-09-07T06:07:54.317Z",36287298.58975824,"COMPLETED"
"cmiopptxd0c4k96te2dea042w","cmiopphzq056896terscgubef",,"PREVENTIVE","Maintenance PREDICTIVE 472","2025-09-03T15:07:54.318Z","2025-09-06T16:07:54.318Z",13835682.92796034,"COMPLETED"
"cmioppt380bnk96te3wjmerfn",,"cmioppijv05hy96teznmpyepb","OVERHAUL","Maintenance PREDICTIVE 166","2025-09-01T15:07:54.317Z","2025-09-06T01:07:54.317Z",22966015.18240986,"COMPLETED"
"cmioppu6b0cag96tejledrmcl",,"cmioppjc105te96te3rwam5l1","CORRECTIVE","Maintenance OVERHAUL 578",,"2025-09-05T00:07:54.318Z",32137903.32418349,"COMPLETED"
"cmioppu820cbi96tezi1p9h01",,,"CORRECTIVE","Maintenance CORRECTIVE 597","2025-09-01T15:07:54.318Z","2025-09-05T00:07:54.318Z",40767516.46123465,"COMPLETED"