"id","employeeNumber","licenseNumber","licenseType","rating","competency","status"
"cmioppg5l03pg96te1wzo9lbx","OPR-0002","SIM-GVEXIXBX","SIM_B2",4.395931575308456,"{""dump_truck"":true,""heavy_equipment"":false,""years_experience"":4}","ACTIVE"
"cmioppg5o03pi96te69f5c3v5","OPR-0003","SIM-BLFEBK6V","SIM_B2",4.800790558771746,"{""dump_truck"":true,""heavy_equipment"":false,""years_experience"":7}","ON_LEAVE"
"cmioppg5q03pk96tehyogha0a","OPR-0004","SIM-CQVLEUK3","SIM_B2",4.570974190860123,"{""dump_truck"":true,""heavy_equipment"":false,""years_experience"":8}","ACTIVE"
"cmioppg5s03pm96tezetkmt0s","OPR-0005","SIM-KU6Y2KHO","OPERATOR_ALAT_BERAT",4.953561121454084,"{""dump_truck"":true,""heavy_equipment"":true,""years_experience"":6}","ACTIVE"
"cmioppg5v03po96teqvncqipm","OPR-0006","SIM-1BHXX062","SIM_B2",3.95897159229968,"{""dump_truck"":true,""heavy_equipment"":false,""years_experience"":7}","ACTIVE"
"cmioppg5x03pq96te8nt73tz8","OPR-0007","SIM-YK3ALDGD","SIM_B2",3.68429071054648,"{""dump_truck"":true,""heavy_equipment"":false,""years_experience"":10}","ACTIVE"
"cmioppg5z03ps96te42lbl189","OPR-0008","SIM-5U3PLYSP","SIM_B2",3.553283021883816,"{""dump_truck"":true,""heavy_equipment"":false,""years_experience"":1}","ACTIVE"
"cmioppg6103pu96te600o7fqe","OPR-0009","SIM-MGYTQPZL","SIM_B2",4.909983590921103,"{""dump_truck"":true,""heavy_equipment"":false,""years_experience"":1}","ACTIVE"
"cmioppg6403pw96tee16i2e6j","OPR-0010","SIM-SCTSWK5Y","OPERATOR_ALAT_BERAT",3.84303837897867,"{""dump_truck"":true,""heavy_equipment"":true,""years_experience"":9}","ACTIVE"
"cmioppg6703py96tewqkrdlie","OPR-0011","SIM-V45QN9OY","SIM_B2",4.323272363924044,"{""dump_truck"":true,""heavy_equipment"":false,""years_experience"":6}","ACTIVE"
"cmioppg6a03q096teu209yhkd","OPR-0012","SIM-JIHNYN78","SIM_B2",3.584972235401716,"{""dump_truck"":true,""heavy_equipment"":false,""years_experience"":2}","ACTIVE"
"cmioppg6d03q296te5ozalnar","OPR-0013","SIM-3P5VBFY7","SIM_B2",4.366042885077647,"{""dump_truck"":true,""heavy_equipment"":false,""years_experience"":10}","ACTIVE"
"cmioppg6f03q496tewlwolabj","OPR-0014","SIM-IPXLH0I5","OPERATOR_ALAT_BERAT",3.674732858793571,"{""dump_truck"":true,""heavy_equipment"":true,""years_experience"":9}","ACTIVE"
"cmioppg6i03q696tevdxqtd20","OPR-0015","SIM-EJULA2PB","OPERATOR_ALAT_BERAT",3.668849322519859,"{""dump_truck"":true,""heavy_equipment"":true,""years_experience"":9}","ACTIVE"
"cmioppg6n03q896tee4hlpnj9","OPR-0016","SIM-X5Z7ALGZ","OPERATOR_ALAT_BERAT",3.564517858508275,"{""dump_truck"":true,""heavy_equipment"":true,""years_experience"":1}","SICK"
"cmioppg6r03qa96tefbxom46p","OPR-0017","SIM-0DKOL36H","SIM_B2",3.504437586447502,"{""dump_truck"":true,""heavy_equipment"":false,""years_experience"":9}","ACTIVE"
"cmioppg6u03qc96tex1jrfgeb","OPR-0018","SIM-S752SBZJ","SIM_B2",3.647685432851639,"{""dump_truck"":true,""heavy_equipment"":false,""years_experience"":7}","ACTIVE"
"cmioppg6x03qe96tedqo3jwi7","OPR-0019","SIM-TIH0AO37","OPERATOR_ALAT_BERAT",4.95482273213585,"{""dump_truck"":true,""heavy_equipment"":true,""years_experience"":3}","ACTIVE"
"cmioppg7103qg96te9etxt16m","OPR-0020","SIM-J4U3F2MJ","SIM_B2",3.597380228526905,"{""dump_truck"":true,""heavy_equipment"":false,""years_experience"":1}","ACTIVE"
"cmioppg7603qi96te04xbmfc0","OPR-0021","SIM-E1BN1SU9","OPERATOR_ALAT_BERAT",4.313060044936004,"{""dump_truck"":true,""heavy_equipment"":true,""years_experience"":7}","ACTIVE"
"cmioppg7f03qk96tetzvfyfqh","OPR-0022","SIM-AU7Z9SR3","SIM_B2",4.206202231014624,"{""dump_truck"":true,""heavy_equipment"":false,""years_experience"":1}","ACTIVE"
"cmioppg7j03qm96tebdfh1pd4","OPR-0023","SIM-WZNSXB06","OPERATOR_ALAT_BERAT",4.426574992295069,"{""dump_truck"":true,""heavy_equipment"":true,""years_experience"":3}","ACTIVE"
"cmioppg7o03qo96tea96gjlvp","OPR-0024","SIM-PABHYB4V","SIM_B2",4.964230395252082,"{""dump_truck"":true,""heavy_equipment"":false,""years_experience"":3}","ACTIVE"
"cmioppg7s03qq96teqni7lpsf","OPR-0025","SIM-71YMY9DI","OPERATOR_ALAT_BERAT",4.488370188738885,"{""dump_truck"":true,""heavy_equipment"":true,""years_experience"":1}","ACTIVE"
"cmioppg7v03qs96te79zdws9p","OPR-0026","SIM-NCMJORJ9","SIM_B2",4.952499634932678,"{""dump_truck"":true,""heavy_equipment"":false,""years_experience"":9}","SICK"
"cmioppg7y03qu96tefnu1ycp7","OPR-0027","SIM-6TFHO3AP","SIM_B2",4.649821777182744,"{""dump_truck"":true,""heavy_equipment"":false,""years_experience"":2}","ACTIVE"
"cmioppg8103qw96tew24his0o","OPR-0028","SIM-4ZESZBL8","OPERATOR_ALAT_BERAT",4.958802930483777,"{""dump_truck"":true,""heavy_equipment"":true,""years_experience"":10}","ACTIVE"
"cmioppg8703r096te6weqk50p","OPR-0030","SIM-E55P9UTG","SIM_B2",4.234367936029025,"{""dump_truck"":true,""heavy_equipment"":false,""years_experience"":4}","SICK"
"cmioppg8a03r296te44gu8qj2","OPR-0031","SIM-1PST30ZW","OPERATOR_ALAT_BERAT",4.672305542076169,"{""dump_truck"":true,""heavy_equipment"":true,""years_experience"":5}","SICK"
"cmioppg8i03r696te1h2hlscl","OPR-0033","SIM-28FYK4WT","SIM_B2",3.734481300910276,"{""dump_truck"":true,""heavy_equipment"":false,""years_experience"":8}","ACTIVE"
"cmioppg8k03r896tekxrsotma","OPR-0034","SIM-50HK0O4T","OPERATOR_ALAT_BERAT",4.147649613801816,"{""dump_truck"":true,""heavy_equipment"":true,""years_experience"":9}","SICK"
"cmioppg8n03ra96te2s5lqjco","OPR-0035","SIM-Z3WYYVO7","OPERATOR_ALAT_BERAT",4.708731203246137,"{""dump_truck"":true,""heavy_equipment"":true,""years_experience"":9}","ACTIVE"
"cmioppg8q03rc96tehx2re6ek","OPR-0036","SIM-S9XGT2UK","OPERATOR_ALAT_BERAT",4.871967210294375,"{""dump_truck"":true,""heavy_equipment"":true,""years_experience"":3}","ACTIVE"
"cmioppg8s03re96tex2lkiy80","OPR-0037","SIM-HYTVUO85","OPERATOR_ALAT_BERAT",3.730095303150303,"{""dump_truck"":true,""heavy_equipment"":true,""years_experience"":5}","ACTIVE"
"cmioppg8u03rg96tenultpyn8","OPR-0038","SIM-V3OVVQ4I","OPERATOR_ALAT_BERAT",3.657235360302342,"{""dump_truck"":true,""heavy_equipment"":true,""years_experience"":7}","ACTIVE"
"cmioppg8x03ri96teqvwumpup","OPR-0039","SIM-Q9ELMDHL","OPERATOR_ALAT_BERAT",4.807618968771091,"{""dump_truck"":true,""heavy_equipment"":true,""years_experience"":4}","ACTIVE"
"cmioppg8z03rk96tewxaxy039","OPR-0040","SIM-I7Y3EBDS","SIM_B2",4.586197170155438,"{""dump_truck"":true,""heavy_equipment"":false,""years_experience"":9}","ACTIVE"
"cmioppg9203rm96te32tf9143","OPR-0041","SIM-92I1GCIS","SIM_B2",4.339745924045848,"{""dump_truck"":true,""heavy_equipment"":false,""years_experience"":5}","SICK"
"cmioppg9403ro96te7irp9ojh","OPR-0042","SIM-N5SKKEZS","OPERATOR_ALAT_BERAT",3.777589047804636,"{""dump_truck"":true,""heavy_equipment"":true,""years_experience"":4}","ACTIVE"
"cmioppg9703rq96te4c09vp3j","OPR-0043","SIM-OPZJEJZE","OPERATOR_ALAT_BERAT",4.813079852193428,"{""dump_truck"":true,""heavy_equipment"":true,""years_experience"":2}","ACTIVE"
"cmioppg9903rs96tewkk1s0ks","OPR-0044","SIM-PZQYWAC5","SIM_B2",3.556207182364322,"{""dump_truck"":true,""heavy_equipment"":false,""years_experience"":8}","ACTIVE"
"cmioppg9b03ru96tepp1gjy8z","OPR-0045","SIM-MDODI0F5","SIM_B2",4.619836545524634,"{""dump_truck"":true,""heavy_equipment"":false,""years_experience"":10}","ACTIVE"
"cmioppg9e03rw96telfprh15h","OPR-0046","SIM-MZETH087","OPERATOR_ALAT_BERAT",4.776054026531046,"{""dump_truck"":true,""heavy_equipment"":true,""years_experience"":1}","ACTIVE"
"cmioppg9h03ry96te9kzu2u3s","OPR-0047","SIM-FL4T99CG","SIM_B2",4.477150957638678,"{""dump_truck"":true,""heavy_equipment"":false,""years_experience"":1}","ACTIVE"
"cmioppg9j03s096ten6hqmi15","OPR-0048","SIM-FV5CGHC4","OPERATOR_ALAT_BERAT",4.244899609485269,"{""dump_truck"":true,""heavy_equipment"":true,""years_experience"":7}","ACTIVE"
"cmioppg9m03s296teuu6jgl8m","OPR-0049","SIM-AAUFSS45","SIM_B2",3.780684411514716,"{""dump_truck"":true,""heavy_equipment"":false,""years_experience"":3}","ACTIVE"
"cmioppg9p03s496tex8qk4yzm","OPR-0050","SIM-N30O3M1D","OPERATOR_ALAT_BERAT",3.713156219187088,"{""dump_truck"":true,""heavy_equipment"":true,""years_experience"":1}","ON_LEAVE"
"cmioppg9r03s696teyref4shd","OPR-0051","SIM-CAJODWB5","OPERATOR_ALAT_BERAT",4.544210978109604,"{""dump_truck"":true,""heavy_equipment"":true,""years_experience"":4}","ACTIVE"
"cmioppg9v03s896tetordfkl4","OPR-0052","SIM-WS57H8SU","OPERATOR_ALAT_BERAT",4.20761801298981,"{""dump_truck"":true,""heavy_equipment"":true,""years_experience"":7}","ACTIVE"
"cmioppg9x03sa96tex88contu","OPR-0053","SIM-S2RX81M0","SIM_B2",4.071029082155228,"{""dump_truck"":true,""heavy_equipment"":false,""years_experience"":2}","ACTIVE"
"cmioppg9z03sc96tezv99937m","OPR-0054","SIM-2XOU4X60","OPERATOR_ALAT_BERAT",3.610791600304808,"{""dump_truck"":true,""heavy_equipment"":true,""years_experience"":7}","ON_LEAVE"
"cmioppga103se96ter6dp3u69","OPR-0055","SIM-AP3LEA6F","SIM_B2",4.84131603198375,"{""dump_truck"":true,""heavy_equipment"":false,""years_experience"":4}","ACTIVE"
"cmioppga303sg96tej960i2qg","OPR-0056","SIM-LK6HNP3N","OPERATOR_ALAT_BERAT",3.724820718271218,"{""dump_truck"":true,""heavy_equipment"":true,""years_experience"":6}","ACTIVE"
"cmioppga503si96tet8cc4vep","OPR-0057","SIM-6EP616AR","OPERATOR_ALAT_BERAT",4.85519343580288,"{""dump_truck"":true,""heavy_equipment"":true,""years_experience"":7}","ACTIVE"
"cmioppga603sk96ted7f0adlz","OPR-0058","SIM-LMB6BHP0","SIM_B2",4.960705545837966,"{""dump_truck"":true,""heavy_equipment"":false,""years_experience"":10}","ACTIVE"
"cmioppga903sm96tefez8o5qr","OPR-0059","SIM-9J0YJZ2P","OPERATOR_ALAT_BERAT",4.234885694768057,"{""dump_truck"":true,""heavy_equipment"":true,""years_experience"":3}","ACTIVE"
"cmioppgae03sq96tewit4dffw","OPR-0061","SIM-XBUUNNM2","OPERATOR_ALAT_BERAT",4.155558861878359,"{""dump_truck"":true,""heavy_equipment"":true,""years_experience"":10}","ACTIVE"
"cmioppgag03ss96te4uek16ly","OPR-0062","SIM-XQ76WQT5","SIM_B2",3.922723579126494,"{""dump_truck"":true,""heavy_equipment"":false,""years_experience"":4}","ACTIVE"
"cmioppgak03sw96tejh786n2d","OPR-0064","SIM-ZRVA4SN1","SIM_B2",4.312329453098299,"{""dump_truck"":true,""heavy_equipment"":false,""years_experience"":3}","ACTIVE"
"cmioppgan03sy96texpqln8ag","OPR-0065","SIM-UNPQ3YT5","OPERATOR_ALAT_BERAT",4.422111385234125,"{""dump_truck"":true,""heavy_equipment"":true,""years_experience"":1}","ACTIVE"
"cmioppgaq03t096tee542yits","OPR-0066","SIM-RI1A826C","SIM_B2",4.300833296040862,"{""dump_truck"":true,""heavy_equipment"":false,""years_experience"":2}","ACTIVE"
"cmioppgat03t296tel6oqg10a","OPR-0067","SIM-3CM08BAL","OPERATOR_ALAT_BERAT",4.220613415187539,"{""dump_truck"":true,""heavy_equipment"":true,""years_experience"":3}","ACTIVE"
"cmioppgav03t496tel5nd518k","OPR-0068","SIM-KOP2VCKW","OPERATOR_ALAT_BERAT",4.478533676315783,"{""dump_truck"":true,""heavy_equipment"":true,""years_experience"":7}","ACTIVE"
"cmioppgay03t696te6blpvtmi","OPR-0069","SIM-RLVM2MBE","OPERATOR_ALAT_BERAT",4.124893365232861,"{""dump_truck"":true,""heavy_equipment"":true,""years_experience"":3}","ACTIVE"
"cmioppgb003t896teacqopca6","OPR-0070","SIM-7Q4JS3BW","OPERATOR_ALAT_BERAT",3.734419506013122,"{""dump_truck"":true,""heavy_equipment"":true,""years_experience"":7}","ON_LEAVE"
"cmioppgb303ta96te7ocoo2li","OPR-0071","SIM-7FFLAIM2","OPERATOR_ALAT_BERAT",4.344918761681283,"{""dump_truck"":true,""heavy_equipment"":true,""years_experience"":2}","ACTIVE"
"cmioppgb503tc96tes2md2v61","OPR-0072","SIM-V3UVKG0P","SIM_B2",4.153370598402011,"{""dump_truck"":true,""heavy_equipment"":false,""years_experience"":7}","ACTIVE"
"cmioppgb803te96teho9z94cm","OPR-0073","SIM-V8WRYTHV","SIM_B2",4.056423218860695,"{""dump_truck"":true,""heavy_equipment"":false,""years_experience"":6}","ACTIVE"
"cmioppgbb03tg96te1o2gz3ts","OPR-0074","SIM-4UBUX73M","SIM_B2",3.758751737675951,"{""dump_truck"":true,""heavy_equipment"":false,""years_experience"":2}","ACTIVE"
"cmioppgbd03ti96teaf7865ka","OPR-0075","SIM-1M6DQGUX","SIM_B2",3.628298574536849,"{""dump_truck"":true,""heavy_equipment"":false,""years_experience"":6}","ACTIVE"
"cmioppgbg03tk96tewgcladdw","OPR-0076","SIM-9AKWFFUT","OPERATOR_ALAT_BERAT",4.761281328362198,"{""dump_truck"":true,""heavy_equipment"":true,""years_experience"":5}","ACTIVE"
"cmioppgbi03tm96te7fydk1bl","OPR-0077","SIM-QK3L6ACC","OPERATOR_ALAT_BERAT",4.811605547423868,"{""dump_truck"":true,""heavy_equipment"":true,""years_experience"":8}","ACTIVE"
"cmioppgbk03to96temolvctwz","OPR-0078","SIM-8DB3Z61E","OPERATOR_ALAT_BERAT",4.681885490526985,"{""dump_truck"":true,""heavy_equipment"":true,""years_experience"":4}","ACTIVE"
"cmioppgbm03tq96tehinia7wk","OPR-0079","SIM-KUKMG46L","SIM_B2",3.604373395660339,"{""dump_truck"":true,""heavy_equipment"":false,""years_experience"":4}","SICK"
"cmioppgbp03ts96tepjd0msxo","OPR-0080","SIM-RLMXWTTY","OPERATOR_ALAT_BERAT",3.548481895619668,"{""dump_truck"":true,""heavy_equipment"":true,""years_experience"":5}","ACTIVE"
"cmioppgbr03tu96te0xcd2g0m","OPR-0081","SIM-ZERHHQJS","SIM_B2",3.927689779871451,"{""dump_truck"":true,""heavy_equipment"":false,""years_experience"":7}","ACTIVE"
"cmioppgbt03tw96te4sucz0vu","OPR-0082","SIM-T33I8QVI","OPERATOR_ALAT_BERAT",4.078991120601781,"{""dump_truck"":true,""heavy_equipment"":true,""years_experience"":9}","ACTIVE"
"cmioppgbv03ty96te8ah06fkm","OPR-0083","SIM-MA7SNQHK","SIM_B2",3.685110123122753,"{""dump_truck"":true,""heavy_equipment"":false,""years_experience"":2}","ACTIVE"
"cmioppgby03u096tea1oc1wb1","OPR-0084","SIM-201HFHO2","OPERATOR_ALAT_BERAT",3.658951067247476,"{""dump_truck"":true,""heavy_equipment"":true,""years_experience"":8}","ACTIVE"
"cmioppgc003u296tecoyjcj6r","OPR-0085","SIM-ENX1GUOJ","SIM_B2",3.551847925887506,"{""dump_truck"":true,""heavy_equipment"":false,""years_experience"":10}","ACTIVE"
"cmioppgc303u496teng1w30hm","OPR-0086","SIM-ODEOL892","SIM_B2",3.80774857865673,"{""dump_truck"":true,""heavy_equipment"":false,""years_experience"":4}","ACTIVE"
"cmioppgc603u696tecoh67d4p","OPR-0087","SIM-PH7SU6BR","SIM_B2",4.624469231518826,"{""dump_truck"":true,""heavy_equipment"":false,""years_experience"":3}","ACTIVE"
"cmioppgc803u896tey8ynqxxv","OPR-0088","SIM-ESI41DF8","SIM_B2",4.041175538859237,"{""dump_truck"":true,""heavy_equipment"":false,""years_experience"":1}","ACTIVE"
"cmioppgca03ua96teq7fz953n","OPR-0089","SIM-GQFHTS0K","OPERATOR_ALAT_BERAT",4.136870460916797,"{""dump_truck"":true,""heavy_equipment"":true,""years_experience"":3}","ACTIVE"
"cmioppgcc03uc96te761b2ye3","OPR-0090","SIM-5SD6BSBF","OPERATOR_ALAT_BERAT",3.759719502605318,"{""dump_truck"":true,""heavy_equipment"":true,""years_experience"":1}","ACTIVE"
"cmioppgch03ug96teosm3hfn8","OPR-0092","SIM-2U267BGV","OPERATOR_ALAT_BERAT",3.793898034817959,"{""dump_truck"":true,""heavy_equipment"":true,""years_experience"":10}","ACTIVE"
"cmioppgcj03ui96te8s8e9ccw","OPR-0093","SIM-V3BFQ0A2","OPERATOR_ALAT_BERAT",4.649385669980227,"{""dump_truck"":true,""heavy_equipment"":true,""years_experience"":10}","SICK"
"cmioppgcp03um96tei0yx83gc","OPR-0095","SIM-V95TPHOV","OPERATOR_ALAT_BERAT",4.189825099239934,"{""dump_truck"":true,""heavy_equipment"":true,""years_experience"":9}","ACTIVE"
"cmioppgcr03uo96te892pf3u0","OPR-0096","SIM-NGUCOFRF","OPERATOR_ALAT_BERAT",4.164432015545096,"{""dump_truck"":true,""heavy_equipment"":true,""years_experience"":3}","ACTIVE"
"cmioppgct03uq96tevsomiyia","OPR-0097","SIM-MAAN3Q2U","SIM_B2",4.287119665741686,"{""dump_truck"":true,""heavy_equipment"":false,""years_experience"":1}","ACTIVE"
"cmioppgcw03us96tek1ffkjgb","OPR-0098","SIM-0QS4PVAU","SIM_B2",4.19023323340032,"{""dump_truck"":true,""heavy_equipment"":false,""years_experience"":7}","ACTIVE"
"cmioppgcy03uu96teoshqbcuw","OPR-0099","SIM-NESGH7S7","SIM_B2",3.609419640699221,"{""dump_truck"":true,""heavy_equipment"":false,""years_experience"":6}","ACTIVE"
"cmioppgd103uw96tea1ou9he7","OPR-0100","SIM-VZXESCP3","SIM_B2",4.342436742134256,"{""dump_truck"":true,""heavy_equipment"":false,""years_experience"":1}","ACTIVE"
"cmioppgd403uy96teckoziroe","OPR-0101","SIM-XU0GHZ7Z","SIM_B2",3.833834819066966,"{""dump_truck"":true,""heavy_equipment"":false,""years_experience"":1}","ACTIVE"
"cmioppgd703v096tepmmuofcg","OPR-0102","SIM-JVTDQP90","OPERATOR_ALAT_BERAT",3.599430162600137,"{""dump_truck"":true,""heavy_equipment"":true,""years_experience"":2}","ACTIVE"
"cmioppgd903v296texlf198fl","OPR-0103","SIM-SWZQO3H4","SIM_B2",4.507745796585796,"{""dump_truck"":true,""heavy_equipment"":false,""years_experience"":2}","ACTIVE"
"cmioppgdb03v496tefzv0xfxm","OPR-0104","SIM-PNY610L7","OPERATOR_ALAT_BERAT",4.992078334567076,"{""dump_truck"":true,""heavy_equipment"":true,""years_experience"":9}","ACTIVE"
"cmioppgde03v696teysh7br3b","OPR-0105","SIM-6SC8AQCA","SIM_B2",3.732665299587983,"{""dump_truck"":true,""heavy_equipment"":false,""years_experience"":5}","ACTIVE"
"cmioppgdg03v896te8et8htey","OPR-0106","SIM-KW1CE7Z5","SIM_B2",3.745515985912155,"{""dump_truck"":true,""heavy_equipment"":false,""years_experience"":5}","ACTIVE"
"cmioppgdi03va96teyiu83s4q","OPR-0107","SIM-640O0Y80","OPERATOR_ALAT_BERAT",3.859259856465125,"{""dump_truck"":true,""heavy_equipment"":true,""years_experience"":3}","ACTIVE"
"cmioppgdk03vc96tevfrywmsh","OPR-0108","SIM-0UYLW2SQ","OPERATOR_ALAT_BERAT",3.761931893567319,"{""dump_truck"":true,""heavy_equipment"":true,""years_experience"":9}","ACTIVE"
"cmioppgdn03ve96tel0ga1i3n","OPR-0109","SIM-G82HXTK4","SIM_B2",4.210417954086472,"{""dump_truck"":true,""heavy_equipment"":false,""years_experience"":3}","ACTIVE"
"cmioppgdp03vg96tewtafdq70","OPR-0110","SIM-QDJRPRCR","SIM_B2",4.707406053220357,"{""dump_truck"":true,""heavy_equipment"":false,""years_experience"":5}","ACTIVE"
"cmioppgdr03vi96te2z6xtufn","OPR-0111","SIM-9K7RBDOW","OPERATOR_ALAT_BERAT",4.543866988024673,"{""dump_truck"":true,""heavy_equipment"":true,""years_experience"":3}","ACTIVE"
"cmioppgdu03vk96tepy8awj9j","OPR-0112","SIM-JUITH4JY","OPERATOR_ALAT_BERAT",3.697610183488648,"{""dump_truck"":true,""heavy_equipment"":true,""years_experience"":6}","SICK"
"cmioppgdw03vm96tex00mwfbs","OPR-0113","SIM-QU6BV9WL","SIM_B2",3.960661625941857,"{""dump_truck"":true,""heavy_equipment"":false,""years_experience"":8}","ACTIVE"
"cmioppgdy03vo96tewopoepf5","OPR-0114","SIM-LGMY321K","SIM_B2",3.589591800626748,"{""dump_truck"":true,""heavy_equipment"":false,""years_experience"":1}","ACTIVE"
"cmioppge003vq96tet2ejabiv","OPR-0115","SIM-NBGF9WD5","SIM_B2",3.731045451700962,"{""dump_truck"":true,""heavy_equipment"":false,""years_experience"":6}","ON_LEAVE"
"cmioppge203vs96tee9o2fb84","OPR-0116","SIM-IO7V1MB3","SIM_B2",4.507853265585998,"{""dump_truck"":true,""heavy_equipment"":false,""years_experience"":8}","ACTIVE"
"cmioppge503vu96texvv6yd6p","OPR-0117","SIM-DDGYFF7L","SIM_B2",4.332179842161028,"{""dump_truck"":true,""heavy_equipment"":false,""years_experience"":5}","ACTIVE"
"cmioppge603vw96teu4odmr04","OPR-0118","SIM-D4UNBEPG","OPERATOR_ALAT_BERAT",4.096428069047614,"{""dump_truck"":true,""heavy_equipment"":true,""years_experience"":7}","ACTIVE"
"cmioppge803vy96tenzcpr4uq","OPR-0119","SIM-R4UE77GE","OPERATOR_ALAT_BERAT",4.179042736318536,"{""dump_truck"":true,""heavy_equipment"":true,""years_experience"":10}","ACTIVE"
"cmioppgea03w096te0ov7sxji","OPR-0120","SIM-4Y5045PH","OPERATOR_ALAT_BERAT",4.223136428216142,"{""dump_truck"":true,""heavy_equipment"":true,""years_experience"":7}","ACTIVE"
"cmioppgeb03w296teegucumtr","OPR-0121","SIM-HS2JZGXG","OPERATOR_ALAT_BERAT",4.292788338669391,"{""dump_truck"":true,""heavy_equipment"":true,""years_experience"":6}","ACTIVE"
"cmioppgef03w696te8rlv7dii","OPR-0123","SIM-1L2RVNI0","SIM_B2",3.846055021714145,"{""dump_truck"":true,""heavy_equipment"":false,""years_experience"":2}","ACTIVE"
"cmioppgei03w896te9he4zae3","OPR-0124","SIM-17LLVHEY","OPERATOR_ALAT_BERAT",4.108982342804976,"{""dump_truck"":true,""heavy_equipment"":true,""years_experience"":1}","ACTIVE"
"cmioppgem03wc96te5wbc0uk9","OPR-0126","SIM-CVX4TYA4","SIM_B2",3.779185561883451,"{""dump_truck"":true,""heavy_equipment"":false,""years_experience"":10}","ACTIVE"
"cmioppgen03we96telcdkxk0r","OPR-0127","SIM-NXPK92RA","SIM_B2",4.10032809965663,"{""dump_truck"":true,""heavy_equipment"":false,""years_experience"":5}","ACTIVE"
"cmioppgep03wg96te3b7euohz","OPR-0128","SIM-Z36ZN7FE","OPERATOR_ALAT_BERAT",4.129585753016844,"{""dump_truck"":true,""heavy_equipment"":true,""years_experience"":9}","ACTIVE"
"cmioppger03wi96te7ewmk0rj","OPR-0129","SIM-WZP9QL9I","OPERATOR_ALAT_BERAT",3.781046402008642,"{""dump_truck"":true,""heavy_equipment"":true,""years_experience"":7}","ACTIVE"
"cmioppget03wk96tesj9smdi2","OPR-0130","SIM-3GKJ5H9X","OPERATOR_ALAT_BERAT",3.724037664055958,"{""dump_truck"":true,""heavy_equipment"":true,""years_experience"":8}","ACTIVE"
"cmioppgeu03wm96te89bdzzu3","OPR-0131","SIM-I52N133L","OPERATOR_ALAT_BERAT",4.878755436536723,"{""dump_truck"":true,""heavy_equipment"":true,""years_experience"":3}","ACTIVE"
"cmioppgex03wo96tebx31uuyl","OPR-0132","SIM-OYCDNWHM","OPERATOR_ALAT_BERAT",3.533163743399881,"{""dump_truck"":true,""heavy_equipment"":true,""years_experience"":2}","ACTIVE"
"cmioppgez03wq96tec6ixp4ra","OPR-0133","SIM-EUAHE9DU","OPERATOR_ALAT_BERAT",4.740091250783038,"{""dump_truck"":true,""heavy_equipment"":true,""years_experience"":2}","ACTIVE"
"cmioppgf103ws96tenzsf0qmr","OPR-0134","SIM-MMI6PTLW","SIM_B2",4.989277859130452,"{""dump_truck"":true,""heavy_equipment"":false,""years_experience"":8}","ACTIVE"
"cmioppgf203wu96tewisxs0wb","OPR-0135","SIM-ZXCUEU66","OPERATOR_ALAT_BERAT",4.152817751432088,"{""dump_truck"":true,""heavy_equipment"":true,""years_experience"":3}","ACTIVE"
"cmioppgf403ww96te2gbarm2d","OPR-0136","SIM-PVT9PNB6","OPERATOR_ALAT_BERAT",4.202140954072098,"{""dump_truck"":true,""heavy_equipment"":true,""years_experience"":8}","ACTIVE"
"cmioppgf603wy96teg6r76o1e","OPR-0137","SIM-2CWAX7H2","OPERATOR_ALAT_BERAT",4.64836141094221,"{""dump_truck"":true,""heavy_equipment"":true,""years_experience"":4}","ACTIVE"
"cmioppgf703x096te99lvdj1m","OPR-0138","SIM-X1WIE8CB","SIM_B2",4.606672936041859,"{""dump_truck"":true,""heavy_equipment"":false,""years_experience"":7}","ACTIVE"
"cmioppgf903x296tej88gj335","OPR-0139","SIM-26MJ1033","OPERATOR_ALAT_BERAT",3.938374172326532,"{""dump_truck"":true,""heavy_equipment"":true,""years_experience"":6}","ACTIVE"
"cmioppgfb03x496tef8lqeu6n","OPR-0140","SIM-F7CIQPNU","OPERATOR_ALAT_BERAT",4.898919840827094,"{""dump_truck"":true,""heavy_equipment"":true,""years_experience"":3}","ACTIVE"
"cmioppgfd03x696tepmbogkzi","OPR-0141","SIM-27TGYXQE","OPERATOR_ALAT_BERAT",4.540411585406119,"{""dump_truck"":true,""heavy_equipment"":true,""years_experience"":4}","ON_LEAVE"
"cmioppgff03x896teofgve8xr","OPR-0142","SIM-7DCS7MC4","OPERATOR_ALAT_BERAT",4.503456176688816,"{""dump_truck"":true,""heavy_equipment"":true,""years_experience"":10}","ACTIVE"
"cmioppgfh03xa96tew3jya9v3","OPR-0143","SIM-D0A62PPA","OPERATOR_ALAT_BERAT",3.930025022536135,"{""dump_truck"":true,""heavy_equipment"":true,""years_experience"":7}","ACTIVE"
"cmioppgfi03xc96tesnrdmxi0","OPR-0144","SIM-2TRJF9W9","SIM_B2",4.585859033635686,"{""dump_truck"":true,""heavy_equipment"":false,""years_experience"":7}","ACTIVE"
"cmioppgfk03xe96ten2i3uc97","OPR-0145","SIM-GZS4AAHQ","SIM_B2",3.7108993960357,"{""dump_truck"":true,""heavy_equipment"":false,""years_experience"":7}","ACTIVE"
"cmioppgfm03xg96teuds27mi2","OPR-0146","SIM-54UDG6OJ","SIM_B2",3.800546130126631,"{""dump_truck"":true,""heavy_equipment"":false,""years_experience"":2}","ACTIVE"
"cmioppgfo03xi96temwwl123y","OPR-0147","SIM-W3MZ5X8Q","SIM_B2",4.017406852023744,"{""dump_truck"":true,""heavy_equipment"":false,""years_experience"":5}","ACTIVE"
"cmioppgfp03xk96telnvmbt14","OPR-0148","SIM-75MDKUYU","OPERATOR_ALAT_BERAT",4.059184076254912,"{""dump_truck"":true,""heavy_equipment"":true,""years_experience"":7}","ACTIVE"
"cmioppgfr03xm96te79xli3zq","OPR-0149","SIM-AUXSPDNZ","OPERATOR_ALAT_BERAT",4.911997087318671,"{""dump_truck"":true,""heavy_equipment"":true,""years_experience"":2}","ACTIVE"
"cmioppgft03xo96teow55wwig","OPR-0150","SIM-3LNI1XNR","OPERATOR_ALAT_BERAT",3.96774108363574,"{""dump_truck"":true,""heavy_equipment"":true,""years_experience"":5}","ON_LEAVE"
"cmioppgfv03xq96te70r0prba","OPR-0151","SIM-JKGQL6X6","OPERATOR_ALAT_BERAT",4.244481652471089,"{""dump_truck"":true,""heavy_equipment"":true,""years_experience"":9}","ACTIVE"
"cmioppgfy03xs96tevshhjw69","OPR-0152","SIM-K7ONXX12","OPERATOR_ALAT_BERAT",3.675485931669066,"{""dump_truck"":true,""heavy_equipment"":true,""years_experience"":4}","ACTIVE"
"cmioppgg203xw96tev0cwbsb4","OPR-0154","SIM-NDBF9F39","OPERATOR_ALAT_BERAT",3.635777020532196,"{""dump_truck"":true,""heavy_equipment"":true,""years_experience"":3}","ACTIVE"
"cmioppgg403xy96terysqb3zv","OPR-0155","SIM-9YZXFZVT","SIM_B2",3.777613619713613,"{""dump_truck"":true,""heavy_equipment"":false,""years_experience"":2}","ACTIVE"
"cmioppgg703y296te3wq2x24d","OPR-0157","SIM-DLNZC9UU","SIM_B2",3.798502776940822,"{""dump_truck"":true,""heavy_equipment"":false,""years_experience"":2}","ACTIVE"
"cmioppgg903y496tepm3syjyi","OPR-0158","SIM-0LMVHVGS","OPERATOR_ALAT_BERAT",4.018155121626847,"{""dump_truck"":true,""heavy_equipment"":true,""years_experience"":8}","ACTIVE"
"cmioppggb03y696teqe23hd6p","OPR-0159","SIM-QZEB5M0Y","OPERATOR_ALAT_BERAT",4.210591729315573,"{""dump_truck"":true,""heavy_equipment"":true,""years_experience"":7}","ACTIVE"
"cmioppgge03y896te4hsf82cy","OPR-0160","SIM-FJH8T5HV","OPERATOR_ALAT_BERAT",4.691413675871864,"{""dump_truck"":true,""heavy_equipment"":true,""years_experience"":2}","ACTIVE"
"cmioppggg03ya96te04t97wye","OPR-0161","SIM-KBN06J49","SIM_B2",4.641009294032983,"{""dump_truck"":true,""heavy_equipment"":false,""years_experience"":10}","ON_LEAVE"
"cmioppggh03yc96temrcozpxp","OPR-0162","SIM-FVM0BMDB","SIM_B2",4.432088976467853,"{""dump_truck"":true,""heavy_equipment"":false,""years_experience"":3}","ACTIVE"
"cmioppggj03ye96teh9225oqa","OPR-0163","SIM-5N6I3RIY","OPERATOR_ALAT_BERAT",3.532672400537269,"{""dump_truck"":true,""heavy_equipment"":true,""years_experience"":7}","ACTIVE"
"cmioppggl03yg96te8tlaady4","OPR-0164","SIM-ZMP7U20Z","OPERATOR_ALAT_BERAT",4.674018707008383,"{""dump_truck"":true,""heavy_equipment"":true,""years_experience"":6}","ACTIVE"
"cmioppggn03yi96tecbxobu43","OPR-0165","SIM-XB7F9MVQ","SIM_B2",4.905469878768915,"{""dump_truck"":true,""heavy_equipment"":false,""years_experience"":10}","ACTIVE"
"cmioppggp03yk96teeu1adaog","OPR-0166","SIM-MJ69U46S","SIM_B2",4.435071727096012,"{""dump_truck"":true,""heavy_equipment"":false,""years_experience"":5}","ACTIVE"
"cmioppggs03ym96techvyk6sc","OPR-0167","SIM-KSU0XLKG","SIM_B2",4.898427059580539,"{""dump_truck"":true,""heavy_equipment"":false,""years_experience"":9}","ACTIVE"
"cmioppggu03yo96tefrgo6l67","OPR-0168","SIM-WBC5R7AJ","OPERATOR_ALAT_BERAT",4.342603665751147,"{""dump_truck"":true,""heavy_equipment"":true,""years_experience"":5}","ACTIVE"
"cmioppggw03yq96te1amljcr7","OPR-0169","SIM-QF7ILAAZ","OPERATOR_ALAT_BERAT",4.36336333359646,"{""dump_truck"":true,""heavy_equipment"":true,""years_experience"":6}","ACTIVE"
"cmioppggx03ys96tekn9wkqu4","OPR-0170","SIM-6E6VVXSA","OPERATOR_ALAT_BERAT",4.842171317849647,"{""dump_truck"":true,""heavy_equipment"":true,""years_experience"":9}","ACTIVE"
"cmioppggz03yu96tey8eyx9pp","OPR-0171","SIM-YSMZZFOZ","OPERATOR_ALAT_BERAT",4.292866300857058,"{""dump_truck"":true,""heavy_equipment"":true,""years_experience"":3}","ACTIVE"
"cmioppgh103yw96te1wbj6yyu","OPR-0172","SIM-PU0KX9J9","SIM_B2",3.5154393831382,"{""dump_truck"":true,""heavy_equipment"":false,""years_experience"":4}","ACTIVE"
"cmioppgh203yy96tef0tzjl0z","OPR-0173","SIM-QQYVUOLF","OPERATOR_ALAT_BERAT",3.793714806322893,"{""dump_truck"":true,""heavy_equipment"":true,""years_experience"":8}","ACTIVE"
"cmioppgh403z096tezpp4080d","OPR-0174","SIM-UMQOV9SE","SIM_B2",3.974397940495777,"{""dump_truck"":true,""heavy_equipment"":false,""years_experience"":10}","ACTIVE"
"cmioppgh503z296tem77rp3u9","OPR-0175","SIM-7KEELF31","SIM_B2",4.297553155610394,"{""dump_truck"":true,""heavy_equipment"":false,""years_experience"":2}","ACTIVE"
"cmioppgh703z496tef3lk034d","OPR-0176","SIM-XRQ6A0RI","SIM_B2",4.969784171117696,"{""dump_truck"":true,""heavy_equipment"":false,""years_experience"":7}","ACTIVE"
"cmioppgha03z696tek5ehp4lu","OPR-0177","SIM-WSEI22T3","SIM_B2",4.393033444024632,"{""dump_truck"":true,""heavy_equipment"":false,""years_experience"":2}","ACTIVE"
"cmioppghc03z896tevg5wye6o","OPR-0178","SIM-PFNJG0OS","SIM_B2",4.464978978769655,"{""dump_truck"":true,""heavy_equipment"":false,""years_experience"":4}","ACTIVE"
"cmioppghe03za96te8j9gppgv","OPR-0179","SIM-UU527C4A","OPERATOR_ALAT_BERAT",4.252169737878769,"{""dump_truck"":true,""heavy_equipment"":true,""years_experience"":5}","ACTIVE"
"cmioppghg03zc96tewfi9zwrb","OPR-0180","SIM-ZQUGX0J5","SIM_B2",4.66745759343388,"{""dump_truck"":true,""heavy_equipment"":false,""years_experience"":7}","ACTIVE"
"cmioppghi03ze96tez8l7tmd6","OPR-0181","SIM-TO0F6VQ0","OPERATOR_ALAT_BERAT",4.456489628377522,"{""dump_truck"":true,""heavy_equipment"":true,""years_experience"":6}","ACTIVE"
"cmioppghk03zg96te2598adh3","OPR-0182","SIM-E3RRIBW9","SIM_B2",4.994895813022246,"{""dump_truck"":true,""heavy_equipment"":false,""years_experience"":4}","ON_LEAVE"
"cmioppghm03zi96tecy8p38zz","OPR-0183","SIM-ST917UB0","OPERATOR_ALAT_BERAT",4.467541209059285,"{""dump_truck"":true,""heavy_equipment"":true,""years_experience"":1}","ACTIVE"
"cmioppghs03zm96te3svqzmgn","OPR-0185","SIM-3OBP7HS7","OPERATOR_ALAT_BERAT",4.408511651330721,"{""dump_truck"":true,""heavy_equipment"":true,""years_experience"":6}","ACTIVE"
"cmioppghu03zo96teqnjtc1rn","OPR-0186","SIM-OQWPFUBG","SIM_B2",4.034889386320404,"{""dump_truck"":true,""heavy_equipment"":false,""years_experience"":7}","ACTIVE"
"cmioppgit03zs96teyxcju7m0","OPR-0188","SIM-DIOZTTMH","OPERATOR_ALAT_BERAT",3.809836583560207,"{""dump_truck"":true,""heavy_equipment"":true,""years_experience"":2}","ACTIVE"
"cmioppgiv03zu96teb7bh9t3f","OPR-0189","SIM-9LXCHLLX","SIM_B2",4.336472609914387,"{""dump_truck"":true,""heavy_equipment"":false,""years_experience"":6}","ACTIVE"
"cmioppgix03zw96te7baxmifi","OPR-0190","SIM-CICAVI59","OPERATOR_ALAT_BERAT",4.032069801066642,"{""dump_truck"":true,""heavy_equipment"":true,""years_experience"":10}","ACTIVE"
"cmioppgiz03zy96tenauuw073","OPR-0191","SIM-RJ796WLI","OPERATOR_ALAT_BERAT",3.721066460282018,"{""dump_truck"":true,""heavy_equipment"":true,""years_experience"":10}","ACTIVE"
"cmioppgj2040096ted2e4vut5","OPR-0192","SIM-YI4WW8BZ","SIM_B2",4.703717215255407,"{""dump_truck"":true,""heavy_equipment"":false,""years_experience"":10}","ACTIVE"
"cmioppgj4040296tec0o5p0ak","OPR-0193","SIM-JGG0DYZ7","SIM_B2",4.523047202209947,"{""dump_truck"":true,""heavy_equipment"":false,""years_experience"":2}","ACTIVE"
"cmioppgj7040496te0aw9mvfv","OPR-0194","SIM-36FYG5C0","OPERATOR_ALAT_BERAT",4.780006218842526,"{""dump_truck"":true,""heavy_equipment"":true,""years_experience"":1}","SICK"
"cmioppgj9040696tedocnfw6x","OPR-0195","SIM-EI57SY53","SIM_B2",4.648083966681735,"{""dump_truck"":true,""heavy_equipment"":false,""years_experience"":2}","ACTIVE"
"cmioppgjb040896texxrag2or","OPR-0196","SIM-9U5KEO29","SIM_B2",4.447463261012331,"{""dump_truck"":true,""heavy_equipment"":false,""years_experience"":6}","ACTIVE"
"cmioppgjd040a96tefdjqlam9","OPR-0197","SIM-X36SSZSE","OPERATOR_ALAT_BERAT",4.622071688109582,"{""dump_truck"":true,""heavy_equipment"":true,""years_experience"":7}","SICK"
"cmioppgjf040c96temza56s1c","OPR-0198","SIM-EF5CPAS1","SIM_B2",4.862899185311724,"{""dump_truck"":true,""heavy_equipment"":false,""years_experience"":10}","ACTIVE"
"cmioppgjh040e96tezw7izqyp","OPR-0199","SIM-ZOUYOH9M","SIM_B2",4.859471280780213,"{""dump_truck"":true,""heavy_equipment"":false,""years_experience"":5}","ACTIVE"
"cmioppgjj040g96te8wbxda7o","OPR-0200","SIM-ONISB0WR","SIM_B2",3.682136113879786,"{""dump_truck"":true,""heavy_equipment"":false,""years_experience"":3}","ACTIVE"
"cmioppgjm040i96te5jilfjpa","OPR-0201","SIM-X6XS30TP","OPERATOR_ALAT_BERAT",4.765708697049932,"{""dump_truck"":true,""heavy_equipment"":true,""years_experience"":6}","ACTIVE"
"cmioppgjo040k96tepxxd8q6u","OPR-0202","SIM-3NO8RGRV","SIM_B2",4.471635017682383,"{""dump_truck"":true,""heavy_equipment"":false,""years_experience"":6}","ACTIVE"
"cmioppgjq040m96tergxfpizr","OPR-0203","SIM-S7IF2EJY","OPERATOR_ALAT_BERAT",4.754666846321303,"{""dump_truck"":true,""heavy_equipment"":true,""years_experience"":8}","ACTIVE"
"cmioppgjs040o96tequj5s7sj","OPR-0204","SIM-JP4LGLPL","OPERATOR_ALAT_BERAT",4.416611681136082,"{""dump_truck"":true,""heavy_equipment"":true,""years_experience"":10}","ACTIVE"
"cmioppgjv040q96te8dmadtmp","OPR-0205","SIM-XJ1E5BGP","OPERATOR_ALAT_BERAT",4.427927033734709,"{""dump_truck"":true,""heavy_equipment"":true,""years_experience"":3}","ACTIVE"
"cmioppgjx040s96tefr5pfy6e","OPR-0206","SIM-BTENLCQR","OPERATOR_ALAT_BERAT",4.918807825869985,"{""dump_truck"":true,""heavy_equipment"":true,""years_experience"":5}","ACTIVE"
"cmioppgjz040u96teqt5fcuc4","OPR-0207","SIM-GVGYC04R","OPERATOR_ALAT_BERAT",4.105378291923203,"{""dump_truck"":true,""heavy_equipment"":true,""years_experience"":8}","ACTIVE"
"cmioppgk2040w96te71rzfgfd","OPR-0208","SIM-DV28A5JS","SIM_B2",3.697597391023268,"{""dump_truck"":true,""heavy_equipment"":false,""years_experience"":5}","ACTIVE"
"cmioppgk4040y96tek1tzm0p2","OPR-0209","SIM-3YK8Q3KC","OPERATOR_ALAT_BERAT",3.848222235982134,"{""dump_truck"":true,""heavy_equipment"":true,""years_experience"":8}","ACTIVE"
"cmioppgk6041096tenlhfmlnl","OPR-0210","SIM-4TIPPHVQ","OPERATOR_ALAT_BERAT",4.828459771057481,"{""dump_truck"":true,""heavy_equipment"":true,""years_experience"":6}","ACTIVE"
"cmioppgk8041296teq6ra98pe","OPR-0211","SIM-DMBHA2TX","OPERATOR_ALAT_BERAT",4.213635292553376,"{""dump_truck"":true,""heavy_equipment"":true,""years_experience"":8}","ACTIVE"
"cmioppgka041496teehyvcmrs","OPR-0212","SIM-44SSDSSZ","SIM_B2",4.292944871290857,"{""dump_truck"":true,""heavy_equipment"":false,""years_experience"":10}","ACTIVE"
"cmioppgkd041696teat3xna3p","OPR-0213","SIM-94FTIHM3","SIM_B2",4.518343448801838,"{""dump_truck"":true,""heavy_equipment"":false,""years_experience"":4}","ACTIVE"
"cmioppgke041896te3sidcbkh","OPR-0214","SIM-QAFD5INK","OPERATOR_ALAT_BERAT",4.709753116487931,"{""dump_truck"":true,""heavy_equipment"":true,""years_experience"":1}","ACTIVE"
"cmioppgkj041c96te1uyrpbt7","OPR-0216","SIM-VUYZ8R6B","SIM_B2",4.527459693098407,"{""dump_truck"":true,""heavy_equipment"":false,""years_experience"":6}","ON_LEAVE"
"cmioppgkl041e96tefzow3h92","OPR-0217","SIM-W595H47Q","OPERATOR_ALAT_BERAT",4.180677399847987,"{""dump_truck"":true,""heavy_equipment"":true,""years_experience"":7}","ACTIVE"
"cmioppgkp041i96teaoif4ypj","OPR-0219","SIM-W9WWD0DM","SIM_B2",4.521239088516501,"{""dump_truck"":true,""heavy_equipment"":false,""years_experience"":10}","ACTIVE"
"cmioppgkr041k96tefgkxaciv","OPR-0220","SIM-PZQ4HR5Z","SIM_B2",4.990582413139716,"{""dump_truck"":true,""heavy_equipment"":false,""years_experience"":9}","ACTIVE"
"cmioppgkt041m96teaqoetu3q","OPR-0221","SIM-TNMN4X1F","SIM_B2",4.771117492947838,"{""dump_truck"":true,""heavy_equipment"":false,""years_experience"":6}","ACTIVE"
"cmioppgkv041o96tenyh63738","OPR-0222","SIM-QC8BC192","OPERATOR_ALAT_BERAT",3.809145333647872,"{""dump_truck"":true,""heavy_equipment"":true,""years_experience"":10}","ACTIVE"
"cmioppgky041q96tejn0azydc","OPR-0223","SIM-95G6SIWI","OPERATOR_ALAT_BERAT",4.357675976828459,"{""dump_truck"":true,""heavy_equipment"":true,""years_experience"":8}","ACTIVE"
"cmioppgl0041s96tel09iki8u","OPR-0224","SIM-B0PO2TKQ","OPERATOR_ALAT_BERAT",4.800520346127389,"{""dump_truck"":true,""heavy_equipment"":true,""years_experience"":8}","ACTIVE"
"cmioppgl2041u96tefneueakl","OPR-0225","SIM-YDV80KGH","SIM_B2",3.635483582111076,"{""dump_truck"":true,""heavy_equipment"":false,""years_experience"":3}","ACTIVE"
"cmioppgl4041w96tewk0zk1hz","OPR-0226","SIM-6FKYGNGB","SIM_B2",4.402160409702788,"{""dump_truck"":true,""heavy_equipment"":false,""years_experience"":2}","ACTIVE"
"cmioppgl5041y96te0r7d9ijx","OPR-0227","SIM-OMWIV2DD","OPERATOR_ALAT_BERAT",4.698979621259007,"{""dump_truck"":true,""heavy_equipment"":true,""years_experience"":5}","ACTIVE"
"cmioppgl7042096teg2h7bbjh","OPR-0228","SIM-S9NRODW0","OPERATOR_ALAT_BERAT",4.904750442446172,"{""dump_truck"":true,""heavy_equipment"":true,""years_experience"":8}","ACTIVE"
"cmioppgl9042296teu68mc5o0","OPR-0229","SIM-3D1529ZA","SIM_B2",3.726757312454564,"{""dump_truck"":true,""heavy_equipment"":false,""years_experience"":10}","ACTIVE"
"cmioppglb042496tei0zaq1ve","OPR-0230","SIM-LC7C97ZB","SIM_B2",3.575954598346989,"{""dump_truck"":true,""heavy_equipment"":false,""years_experience"":7}","ACTIVE"
"cmioppgld042696tescs3bhzk","OPR-0231","SIM-DUMQGW8H","SIM_B2",4.964107351460308,"{""dump_truck"":true,""heavy_equipment"":false,""years_experience"":5}","ACTIVE"
"cmioppglg042896tefeam3sfj","OPR-0232","SIM-Z5QMBJSJ","OPERATOR_ALAT_BERAT",4.110925997813352,"{""dump_truck"":true,""heavy_equipment"":true,""years_experience"":4}","ACTIVE"
"cmioppgli042a96tezxo51f3g","OPR-0233","SIM-UYRUQJEA","SIM_B2",4.345052472306621,"{""dump_truck"":true,""heavy_equipment"":false,""years_experience"":9}","ACTIVE"
"cmioppglk042c96te6ww5zu69","OPR-0234","SIM-KXI8T466","SIM_B2",3.906527228672958,"{""dump_truck"":true,""heavy_equipment"":false,""years_experience"":4}","ACTIVE"
"cmioppgll042e96tecc3smqq5","OPR-0235","SIM-BHMSDF0U","OPERATOR_ALAT_BERAT",3.887875641026378,"{""dump_truck"":true,""heavy_equipment"":true,""years_experience"":6}","ACTIVE"
"cmioppgln042g96te3hsz3qi1","OPR-0236","SIM-CMJXV5N1","OPERATOR_ALAT_BERAT",4.466401195242778,"{""dump_truck"":true,""heavy_equipment"":true,""years_experience"":8}","ACTIVE"
"cmioppglp042i96tepi0uhj5e","OPR-0237","SIM-S12V9JDX","OPERATOR_ALAT_BERAT",4.094688159335017,"{""dump_truck"":true,""heavy_equipment"":true,""years_experience"":10}","ACTIVE"
"cmioppglr042k96teljq5rd3o","OPR-0238","SIM-OV8IHXAG","OPERATOR_ALAT_BERAT",3.618044236474561,"{""dump_truck"":true,""heavy_equipment"":true,""years_experience"":7}","ACTIVE"
"cmioppglt042m96tetne6kbpa","OPR-0239","SIM-HAVIWXTO","SIM_B2",4.529846143724183,"{""dump_truck"":true,""heavy_equipment"":false,""years_experience"":3}","ACTIVE"
"cmioppglv042o96tekj95tm53","OPR-0240","SIM-508Q07BN","SIM_B2",3.919877797165595,"{""dump_truck"":true,""heavy_equipment"":false,""years_experience"":2}","ACTIVE"
"cmioppgly042q96te0tu3qmlm","OPR-0241","SIM-5ESIU93P","OPERATOR_ALAT_BERAT",4.795375844005427,"{""dump_truck"":true,""heavy_equipment"":true,""years_experience"":4}","ACTIVE"
"cmioppgm0042s96teqhn2s50r","OPR-0242","SIM-YGOPMPRK","OPERATOR_ALAT_BERAT",4.224275151355505,"{""dump_truck"":true,""heavy_equipment"":true,""years_experience"":9}","ACTIVE"
"cmioppgm2042u96tek748ahup","OPR-0243","SIM-IW10F579","SIM_B2",4.457976803440893,"{""dump_truck"":true,""heavy_equipment"":false,""years_experience"":2}","ACTIVE"
"cmioppgm3042w96te2f0tviv9","OPR-0244","SIM-OLHSNBT6","SIM_B2",4.647935211322189,"{""dump_truck"":true,""heavy_equipment"":false,""years_experience"":7}","ACTIVE"
"cmioppgm5042y96te459v5vsi","OPR-0245","SIM-ZWDKEEW4","SIM_B2",4.636569016808121,"{""dump_truck"":true,""heavy_equipment"":false,""years_experience"":7}","ACTIVE"
"cmioppgm9043296te5she5ghd","OPR-0247","SIM-KE43IYNY","SIM_B2",4.022483486691929,"{""dump_truck"":true,""heavy_equipment"":false,""years_experience"":9}","ACTIVE"
"cmioppgmb043496terewfj4nw","OPR-0248","SIM-313UN7U5","SIM_B2",3.971364715758281,"{""dump_truck"":true,""heavy_equipment"":false,""years_experience"":3}","ACTIVE"
"cmioppgmh043896tej9cye7ug","OPR-0250","SIM-IUIPXPVR","OPERATOR_ALAT_BERAT",4.744078819316552,"{""dump_truck"":true,""heavy_equipment"":true,""years_experience"":6}","ACTIVE"
"cmioppgmk043a96tewrm6i94z","OPR-0251","SIM-HVQ6LAFP","SIM_B2",4.364748383099261,"{""dump_truck"":true,""heavy_equipment"":false,""years_experience"":8}","ACTIVE"
"cmioppgml043c96tefb1e6pz8","OPR-0252","SIM-A6O3HFDZ","SIM_B2",4.096777320071413,"{""dump_truck"":true,""heavy_equipment"":false,""years_experience"":6}","ON_LEAVE"
"cmioppgmn043e96teltaev0i5","OPR-0253","SIM-SYZMRAVG","SIM_B2",4.665820926333855,"{""dump_truck"":true,""heavy_equipment"":false,""years_experience"":7}","ACTIVE"
"cmioppgmp043g96teom7zor5y","OPR-0254","SIM-8BZJM7EF","SIM_B2",3.764445324254337,"{""dump_truck"":true,""heavy_equipment"":false,""years_experience"":4}","ACTIVE"
"cmioppgms043i96te8ds21nmz","OPR-0255","SIM-4UI78GD0","SIM_B2",4.804416394557638,"{""dump_truck"":true,""heavy_equipment"":false,""years_experience"":1}","ACTIVE"
"cmioppgmu043k96tenmedopu7","OPR-0256","SIM-JM94PJOB","SIM_B2",4.829233438425359,"{""dump_truck"":true,""heavy_equipment"":false,""years_experience"":7}","ACTIVE"
"cmioppgmw043m96teoodgeszc","OPR-0257","SIM-7S7KYOQW","OPERATOR_ALAT_BERAT",3.876155708322142,"{""dump_truck"":true,""heavy_equipment"":true,""years_experience"":8}","ACTIVE"
"cmioppgmy043o96te4gxhc6xa","OPR-0258","SIM-G3CPNU5R","OPERATOR_ALAT_BERAT",3.779407864619555,"{""dump_truck"":true,""heavy_equipment"":true,""years_experience"":9}","ACTIVE"
"cmioppgmz043q96teprz88gz1","OPR-0259","SIM-KMJX9F1A","SIM_B2",4.521540921908541,"{""dump_truck"":true,""heavy_equipment"":false,""years_experience"":2}","ACTIVE"
"cmioppgn1043s96te7mo09lf0","OPR-0260","SIM-0QCM7HCG","OPERATOR_ALAT_BERAT",4.924268190232995,"{""dump_truck"":true,""heavy_equipment"":true,""years_experience"":1}","ACTIVE"
"cmioppgn3043u96tettdgld0s","OPR-0261","SIM-WHMMA59F","OPERATOR_ALAT_BERAT",4.820609510320866,"{""dump_truck"":true,""heavy_equipment"":true,""years_experience"":3}","ACTIVE"
"cmioppgn4043w96tef4d68ehp","OPR-0262","SIM-CB0YPVSF","SIM_B2",4.057440226792375,"{""dump_truck"":true,""heavy_equipment"":false,""years_experience"":4}","ACTIVE"
"cmioppgn7043y96tej3bmh3c0","OPR-0263","SIM-LNY63W3W","SIM_B2",4.19143358331327,"{""dump_truck"":true,""heavy_equipment"":false,""years_experience"":3}","ACTIVE"
"cmioppgn9044096tenjinq900","OPR-0264","SIM-9PCDX7BN","SIM_B2",3.994812835160464,"{""dump_truck"":true,""heavy_equipment"":false,""years_experience"":5}","ACTIVE"
"cmioppgnb044296teb9vlirsl","OPR-0265","SIM-733BPXAV","OPERATOR_ALAT_BERAT",4.83966296382302,"{""dump_truck"":true,""heavy_equipment"":true,""years_experience"":10}","ACTIVE"
"cmioppgnd044496te7swc2iqt","OPR-0266","SIM-PHT1MYGG","OPERATOR_ALAT_BERAT",3.987627815901266,"{""dump_truck"":true,""heavy_equipment"":true,""years_experience"":3}","ACTIVE"
"cmioppgne044696temygl9689","OPR-0267","SIM-UFM0O2GQ","SIM_B2",3.697374950236407,"{""dump_truck"":true,""heavy_equipment"":false,""years_experience"":10}","ACTIVE"
"cmioppgng044896tez6vmnuth","OPR-0268","SIM-LI0I7Z8M","SIM_B2",3.906091113375434,"{""dump_truck"":true,""heavy_equipment"":false,""years_experience"":9}","ACTIVE"
"cmioppgni044a96tezkpmxkti","OPR-0269","SIM-0WYXVOPJ","OPERATOR_ALAT_BERAT",3.757543108225034,"{""dump_truck"":true,""heavy_equipment"":true,""years_experience"":10}","SICK"
"cmioppgnk044c96tegf2t0j21","OPR-0270","SIM-C5TL4SZD","OPERATOR_ALAT_BERAT",3.991244038655435,"{""dump_truck"":true,""heavy_equipment"":true,""years_experience"":6}","ACTIVE"
"cmioppgnl044e96tearp96t5p","OPR-0271","SIM-MQPSRH5R","OPERATOR_ALAT_BERAT",4.09025190719284,"{""dump_truck"":true,""heavy_equipment"":true,""years_experience"":3}","ACTIVE"
"cmioppgnn044g96te7i2a2ui6","OPR-0272","SIM-G3DNA8W1","SIM_B2",3.534645835329478,"{""dump_truck"":true,""heavy_equipment"":false,""years_experience"":1}","ACTIVE"
"cmioppgnp044i96te8adc9fxx","OPR-0273","SIM-M9GONAG0","OPERATOR_ALAT_BERAT",4.972155650986821,"{""dump_truck"":true,""heavy_equipment"":true,""years_experience"":4}","ACTIVE"
"cmioppgnr044k96te8p4ww81k","OPR-0274","SIM-N5SPJ7H0","OPERATOR_ALAT_BERAT",4.786043819417806,"{""dump_truck"":true,""heavy_equipment"":true,""years_experience"":5}","ON_LEAVE"
"cmioppgnt044m96testqhug5z","OPR-0275","SIM-LO9E0NCO","SIM_B2",3.646356560072729,"{""dump_truck"":true,""heavy_equipment"":false,""years_experience"":9}","ACTIVE"
"cmioppgnw044o96temqo9q04e","OPR-0276","SIM-NXZD212G","SIM_B2",3.736159153452281,"{""dump_truck"":true,""heavy_equipment"":false,""years_experience"":8}","ON_LEAVE"
"cmioppgo0044s96te2uu2rtjq","OPR-0278","SIM-QIRCMB1Y","SIM_B2",4.170245161106359,"{""dump_truck"":true,""heavy_equipment"":false,""years_experience"":6}","ACTIVE"
"cmioppgo1044u96teqxz2u0yr","OPR-0279","SIM-BK3CIQF6","SIM_B2",4.809483755956061,"{""dump_truck"":true,""heavy_equipment"":false,""years_experience"":8}","SICK"
"cmioppgo5044y96teevj6udwx","OPR-0281","SIM-RLTIB2PB","SIM_B2",4.323988785565184,"{""dump_truck"":true,""heavy_equipment"":false,""years_experience"":6}","ACTIVE"
"cmioppgo8045096tebxrpxwnc","OPR-0282","SIM-GCKFKGD4","OPERATOR_ALAT_BERAT",4.283105670121509,"{""dump_truck"":true,""heavy_equipment"":true,""years_experience"":8}","ACTIVE"
"cmioppgoa045296te1d0md24z","OPR-0283","SIM-WPXOED8F","SIM_B2",4.690720669315047,"{""dump_truck"":true,""heavy_equipment"":false,""years_experience"":7}","ACTIVE"
"cmioppgoc045496teb2rr2324","OPR-0284","SIM-2HY18EQJ","OPERATOR_ALAT_BERAT",3.543889314018136,"{""dump_truck"":true,""heavy_equipment"":true,""years_experience"":2}","ACTIVE"
"cmioppgoe045696te9lqs5rbt","OPR-0285","SIM-1E66UIH4","SIM_B2",3.518696996101157,"{""dump_truck"":true,""heavy_equipment"":false,""years_experience"":1}","ACTIVE"
"cmioppgof045896te56b42flv","OPR-0286","SIM-U8BVUUN1","OPERATOR_ALAT_BERAT",4.234434208184244,"{""dump_truck"":true,""heavy_equipment"":true,""years_experience"":9}","ACTIVE"
"cmioppgoh045a96tepsjq5l11","OPR-0287","SIM-EZ73TL3T","SIM_B2",3.724261250375739,"{""dump_truck"":true,""heavy_equipment"":false,""years_experience"":9}","ACTIVE"
"cmioppgoj045c96texw4krm00","OPR-0288","SIM-8GAV1VD2","SIM_B2",3.924161585837008,"{""dump_truck"":true,""heavy_equipment"":false,""years_experience"":5}","ACTIVE"
"cmioppgol045e96tecwoc9lgm","OPR-0289","SIM-9TY52X1J","OPERATOR_ALAT_BERAT",3.848423889861228,"{""dump_truck"":true,""heavy_equipment"":true,""years_experience"":6}","ACTIVE"
"cmioppgon045g96teziwr8g6l","OPR-0290","SIM-VTFI4UT9","SIM_B2",4.553676094223406,"{""dump_truck"":true,""heavy_equipment"":false,""years_experience"":10}","ACTIVE"
"cmioppgop045i96tevb8xkfil","OPR-0291","SIM-CNR7VHFK","SIM_B2",4.069076541135292,"{""dump_truck"":true,""heavy_equipment"":false,""years_experience"":8}","ACTIVE"
"cmioppgor045k96texg54dfsd","OPR-0292","SIM-IXXJJQQ2","SIM_B2",4.976676512410551,"{""dump_truck"":true,""heavy_equipment"":false,""years_experience"":2}","ACTIVE"
"cmioppgot045m96te49r5qfar","OPR-0293","SIM-AJRI1O7F","SIM_B2",3.659568920424899,"{""dump_truck"":true,""heavy_equipment"":false,""years_experience"":6}","ACTIVE"
"cmioppgov045o96tehn2r5vl6","OPR-0294","SIM-VN8S6H0K","SIM_B2",4.542963708750091,"{""dump_truck"":true,""heavy_equipment"":false,""years_experience"":6}","ACTIVE"
"cmioppgox045q96tea9u4qgxe","OPR-0295","SIM-2SW9VI7A","OPERATOR_ALAT_BERAT",3.719991407665665,"{""dump_truck"":true,""heavy_equipment"":true,""years_experience"":3}","ACTIVE"
"cmioppgoy045s96tenrqqiiwc","OPR-0296","SIM-P7MTGEPF","SIM_B2",3.581908755134277,"{""dump_truck"":true,""heavy_equipment"":false,""years_experience"":3}","ACTIVE"
"cmioppgp0045u96telrsqp078","OPR-0297","SIM-D4RPB2CF","SIM_B2",4.668405097422884,"{""dump_truck"":true,""heavy_equipment"":false,""years_experience"":8}","ACTIVE"
"cmioppgp2045w96te23z65tqb","OPR-0298","SIM-8LGA8HPB","OPERATOR_ALAT_BERAT",4.160351618591976,"{""dump_truck"":true,""heavy_equipment"":true,""years_experience"":6}","ACTIVE"
"cmioppgp4045y96tegjnss69j","OPR-0299","SIM-8Z6CF3EH","SIM_B2",4.553645815068888,"{""dump_truck"":true,""heavy_equipment"":false,""years_experience"":2}","ACTIVE"
"cmioppgp6046096teav5ethix","OPR-0300","SIM-Q6562YWM","OPERATOR_ALAT_BERAT",4.441512611386707,"{""dump_truck"":true,""heavy_equipment"":true,""years_experience"":5}","ACTIVE"
"cmioppgp8046296temz4tizez","OPR-0301","SIM-1WDIDD3O","SIM_B2",4.847180313998475,"{""dump_truck"":true,""heavy_equipment"":false,""years_experience"":6}","ACTIVE"
"cmioppgpa046496tepnervgv7","OPR-0302","SIM-PW803GLH","OPERATOR_ALAT_BERAT",4.87467289883041,"{""dump_truck"":true,""heavy_equipment"":true,""years_experience"":6}","ACTIVE"
"cmioppgpc046696tenjvkmv4d","OPR-0303","SIM-504UHS6O","OPERATOR_ALAT_BERAT",4.055511285865106,"{""dump_truck"":true,""heavy_equipment"":true,""years_experience"":3}","ACTIVE"
"cmioppgpd046896teyjb5mcxq","OPR-0304","SIM-LMUNLW6K","SIM_B2",3.895416495263186,"{""dump_truck"":true,""heavy_equipment"":false,""years_experience"":10}","ACTIVE"
"cmioppgpf046a96testupp64z","OPR-0305","SIM-DE146KJA","OPERATOR_ALAT_BERAT",4.560957730868973,"{""dump_truck"":true,""heavy_equipment"":true,""years_experience"":2}","ACTIVE"
"cmioppgph046c96tests7bszu","OPR-0306","SIM-36SOEMHK","SIM_B2",4.101309622112197,"{""dump_truck"":true,""heavy_equipment"":false,""years_experience"":9}","ACTIVE"
"cmioppgpj046e96ted7rnte6d","OPR-0307","SIM-OBEUNTL1","OPERATOR_ALAT_BERAT",3.653955653050383,"{""dump_truck"":true,""heavy_equipment"":true,""years_experience"":3}","ACTIVE"
"cmioppgpo046i96tenzx54wku","OPR-0309","SIM-08L3CNHB","OPERATOR_ALAT_BERAT",3.849831199699125,"{""dump_truck"":true,""heavy_equipment"":true,""years_experience"":1}","ACTIVE"
"cmioppgpq046k96te50wsmlj2","OPR-0310","SIM-J6DL1VX6","OPERATOR_ALAT_BERAT",4.198071412648564,"{""dump_truck"":true,""heavy_equipment"":true,""years_experience"":6}","ACTIVE"
"cmioppgpv046o96te2ay06cdr","OPR-0312","SIM-STLYFPLM","OPERATOR_ALAT_BERAT",3.521250147444887,"{""dump_truck"":true,""heavy_equipment"":true,""years_experience"":1}","ACTIVE"
"cmioppgpx046q96te4ctew204","OPR-0313","SIM-06Y1HCDK","SIM_B2",4.143374365817114,"{""dump_truck"":true,""heavy_equipment"":false,""years_experience"":7}","ACTIVE"
"cmioppgq0046s96te9v6ojfl9","OPR-0314","SIM-URVSH2BQ","SIM_B2",3.825954616455964,"{""dump_truck"":true,""heavy_equipment"":false,""years_experience"":1}","SICK"
"cmioppgq3046u96texez410pj","OPR-0315","SIM-Q42BMVZF","OPERATOR_ALAT_BERAT",4.366710244967705,"{""dump_truck"":true,""heavy_equipment"":true,""years_experience"":8}","ACTIVE"
"cmioppgq5046w96ten3fcgwe0","OPR-0316","SIM-HZOQNAQX","OPERATOR_ALAT_BERAT",4.514282733792553,"{""dump_truck"":true,""heavy_equipment"":true,""years_experience"":7}","ACTIVE"
"cmioppgq8046y96te88rb5v8p","OPR-0317","SIM-TFYZ5NAR","SIM_B2",4.087435426641323,"{""dump_truck"":true,""heavy_equipment"":false,""years_experience"":8}","ACTIVE"
"cmioppgqa047096terw11nvta","OPR-0318","SIM-GOSBLZ8S","OPERATOR_ALAT_BERAT",4.881159717875205,"{""dump_truck"":true,""heavy_equipment"":true,""years_experience"":8}","ACTIVE"
"cmioppgqd047296teeb10tb72","OPR-0319","SIM-2QAWF058","OPERATOR_ALAT_BERAT",4.163037778036219,"{""dump_truck"":true,""heavy_equipment"":true,""years_experience"":2}","ACTIVE"
"cmioppgqg047496te8us4xymi","OPR-0320","SIM-YOJQY3PO","SIM_B2",3.513493691826751,"{""dump_truck"":true,""heavy_equipment"":false,""years_experience"":6}","ACTIVE"
"cmioppgql047696te9azyl44j","OPR-0321","SIM-AR1LFDGB","SIM_B2",3.938647628842206,"{""dump_truck"":true,""heavy_equipment"":false,""years_experience"":7}","ACTIVE"
"cmioppgqn047896teoxdsxd13","OPR-0322","SIM-MG08L7QA","OPERATOR_ALAT_BERAT",4.488795103758678,"{""dump_truck"":true,""heavy_equipment"":true,""years_experience"":4}","ACTIVE"
"cmioppgqq047a96teigcczebw","OPR-0323","SIM-0DX9G3I8","OPERATOR_ALAT_BERAT",4.729729302469565,"{""dump_truck"":true,""heavy_equipment"":true,""years_experience"":1}","ACTIVE"
"cmioppgqt047c96tetqofojib","OPR-0324","SIM-I5AX9QDF","SIM_B2",4.653861846927327,"{""dump_truck"":true,""heavy_equipment"":false,""years_experience"":2}","ACTIVE"
"cmioppgqw047e96tegppo7eht","OPR-0325","SIM-SGSMN855","OPERATOR_ALAT_BERAT",3.686167267099646,"{""dump_truck"":true,""heavy_equipment"":true,""years_experience"":6}","ON_LEAVE"
"cmioppgqz047g96tebtr666g4","OPR-0326","SIM-P3QU3LHT","OPERATOR_ALAT_BERAT",4.301646999483062,"{""dump_truck"":true,""heavy_equipment"":true,""years_experience"":1}","ACTIVE"
"cmioppgr2047i96tey35r1fol","OPR-0327","SIM-TJ0SRPEY","SIM_B2",4.569852277907891,"{""dump_truck"":true,""heavy_equipment"":false,""years_experience"":5}","ACTIVE"
"cmioppgr5047k96teybqf5sv1","OPR-0328","SIM-9BHL1JU4","SIM_B2",3.784701377881099,"{""dump_truck"":true,""heavy_equipment"":false,""years_experience"":8}","ACTIVE"
"cmioppgra047m96teqqhie8gd","OPR-0329","SIM-8FAJH04X","SIM_B2",3.667460327525834,"{""dump_truck"":true,""heavy_equipment"":false,""years_experience"":7}","ACTIVE"
"cmioppgrd047o96teey6vg1jf","OPR-0330","SIM-QHSMLCO2","SIM_B2",4.820551041063744,"{""dump_truck"":true,""heavy_equipment"":false,""years_experience"":9}","ACTIVE"
"cmioppgrg047q96tejspxwg16","OPR-0331","SIM-YJZW4FZC","SIM_B2",4.657941090939177,"{""dump_truck"":true,""heavy_equipment"":false,""years_experience"":2}","ACTIVE"
"cmioppgrk047s96te96dnqwsj","OPR-0332","SIM-OWMQH54K","SIM_B2",4.982430612612019,"{""dump_truck"":true,""heavy_equipment"":false,""years_experience"":1}","ACTIVE"
"cmioppgro047u96teyhw997wa","OPR-0333","SIM-30H0ONR9","SIM_B2",4.235630342600916,"{""dump_truck"":true,""heavy_equipment"":false,""years_experience"":9}","ACTIVE"
"cmioppgrt047w96te58jm8g3l","OPR-0334","SIM-YR9MRBDM","SIM_B2",4.572398086396301,"{""dump_truck"":true,""heavy_equipment"":false,""years_experience"":9}","ACTIVE"
"cmioppgrx047y96texvtof7hn","OPR-0335","SIM-ED3AFJL1","OPERATOR_ALAT_BERAT",3.528183618481759,"{""dump_truck"":true,""heavy_equipment"":true,""years_experience"":9}","ACTIVE"
"cmioppgs1048096tec0quu6gc","OPR-0336","SIM-LC7EEL2E","SIM_B2",4.307985630058187,"{""dump_truck"":true,""heavy_equipment"":false,""years_experience"":10}","ACTIVE"
"cmioppgs4048296teh2a17qc5","OPR-0337","SIM-OSQIF712","OPERATOR_ALAT_BERAT",4.298519512181367,"{""dump_truck"":true,""heavy_equipment"":true,""years_experience"":4}","ACTIVE"
"cmioppgs6048496terhopw9cw","OPR-0338","SIM-YQ02SFP9","OPERATOR_ALAT_BERAT",3.791247117779299,"{""dump_truck"":true,""heavy_equipment"":true,""years_experience"":4}","ACTIVE"
"cmioppgsc048896te9j4zfu68","OPR-0340","SIM-UWQJ75M4","OPERATOR_ALAT_BERAT",3.837976442811611,"{""dump_truck"":true,""heavy_equipment"":true,""years_experience"":4}","ACTIVE"
"cmioppgsf048a96te6gcety9x","OPR-0341","SIM-PB3PWXQ7","OPERATOR_ALAT_BERAT",3.995199985126514,"{""dump_truck"":true,""heavy_equipment"":true,""years_experience"":4}","ACTIVE"
"cmioppgsk048e96tenlsun8nv","OPR-0343","SIM-RTKY11FB","SIM_B2",4.774159885815541,"{""dump_truck"":true,""heavy_equipment"":false,""years_experience"":1}","ACTIVE"
"cmioppgsm048g96te6hrtlxlw","OPR-0344","SIM-U7PGF7B7","OPERATOR_ALAT_BERAT",4.584585032431869,"{""dump_truck"":true,""heavy_equipment"":true,""years_experience"":1}","ACTIVE"
"cmioppgso048i96texxflxn12","OPR-0345","SIM-TN2K7ZVP","OPERATOR_ALAT_BERAT",3.870317256724183,"{""dump_truck"":true,""heavy_equipment"":true,""years_experience"":4}","ACTIVE"
"cmioppgsq048k96tebm20p67o","OPR-0346","SIM-NHN85GT1","OPERATOR_ALAT_BERAT",3.721264626407202,"{""dump_truck"":true,""heavy_equipment"":true,""years_experience"":3}","ACTIVE"
"cmioppgss048m96temtl3dcsz","OPR-0347","SIM-JA07J5LQ","OPERATOR_ALAT_BERAT",3.641748105126015,"{""dump_truck"":true,""heavy_equipment"":true,""years_experience"":6}","ACTIVE"
"cmioppgsv048o96tesqc991lt","OPR-0348","SIM-E2RQDAI4","SIM_B2",3.533989154023566,"{""dump_truck"":true,""heavy_equipment"":false,""years_experience"":10}","ACTIVE"
"cmioppgsx048q96tefdpgcvi0","OPR-0349","SIM-3P0SCRUI","OPERATOR_ALAT_BERAT",4.003567728631407,"{""dump_truck"":true,""heavy_equipment"":true,""years_experience"":2}","ACTIVE"
"cmioppgsz048s96tes69srgkx","OPR-0350","SIM-M1MKWBML","OPERATOR_ALAT_BERAT",4.569247520227918,"{""dump_truck"":true,""heavy_equipment"":true,""years_experience"":2}","ACTIVE"
"cmioppgt1048u96te5l38n5xe","OPR-0351","SIM-UOLFOF1K","SIM_B2",4.877081490866614,"{""dump_truck"":true,""heavy_equipment"":false,""years_experience"":2}","ACTIVE"
"cmioppgt3048w96teit6jt505","OPR-0352","SIM-97IECWEK","OPERATOR_ALAT_BERAT",3.672253994624811,"{""dump_truck"":true,""heavy_equipment"":true,""years_experience"":1}","ACTIVE"
"cmioppgt5048y96te970wqw33","OPR-0353","SIM-MG5EG6AG","OPERATOR_ALAT_BERAT",3.543364365007894,"{""dump_truck"":true,""heavy_equipment"":true,""years_experience"":4}","ACTIVE"
"cmioppgt7049096te5xlb91jw","OPR-0354","SIM-5UTS2AYP","SIM_B2",4.52675684163278,"{""dump_truck"":true,""heavy_equipment"":false,""years_experience"":4}","ACTIVE"
"cmioppgt9049296tetg5qf3fk","OPR-0355","SIM-01YH4XTD","SIM_B2",4.507065395352887,"{""dump_truck"":true,""heavy_equipment"":false,""years_experience"":3}","ACTIVE"
"cmioppgtc049496te0onreedu","OPR-0356","SIM-BYP83KWX","OPERATOR_ALAT_BERAT",4.784476027159849,"{""dump_truck"":true,""heavy_equipment"":true,""years_experience"":8}","ACTIVE"
"cmioppgte049696tedusa7v4v","OPR-0357","SIM-1G5N9SYB","OPERATOR_ALAT_BERAT",4.934099285561794,"{""dump_truck"":true,""heavy_equipment"":true,""years_experience"":1}","ACTIVE"
"cmioppgtg049896te8re5aomm","OPR-0358","SIM-IKA016Y6","OPERATOR_ALAT_BERAT",4.833257971806173,"{""dump_truck"":true,""heavy_equipment"":true,""years_experience"":7}","ACTIVE"
"cmioppgtj049a96tewf7dnf88","OPR-0359","SIM-7A29GM3Q","OPERATOR_ALAT_BERAT",3.948315418801014,"{""dump_truck"":true,""heavy_equipment"":true,""years_experience"":10}","ACTIVE"
"cmioppgtm049c96te7alo56ed","OPR-0360","SIM-JIVXIA0S","SIM_B2",3.5473186932262,"{""dump_truck"":true,""heavy_equipment"":false,""years_experience"":10}","SICK"
"cmioppgto049e96te32gdyseu","OPR-0361","SIM-KE382IPR","OPERATOR_ALAT_BERAT",4.499359846997254,"{""dump_truck"":true,""heavy_equipment"":true,""years_experience"":6}","ACTIVE"
"cmioppgtr049g96te940vg2pa","OPR-0362","SIM-BVST8PBG","OPERATOR_ALAT_BERAT",4.094772047541097,"{""dump_truck"":true,""heavy_equipment"":true,""years_experience"":3}","ACTIVE"
"cmioppgtt049i96te5dawbiha","OPR-0363","SIM-T9SLKKMS","SIM_B2",4.076738119233154,"{""dump_truck"":true,""heavy_equipment"":false,""years_experience"":10}","ACTIVE"
"cmioppgtv049k96teydgi2lnc","OPR-0364","SIM-F1D4U2LJ","OPERATOR_ALAT_BERAT",3.51180579042496,"{""dump_truck"":true,""heavy_equipment"":true,""years_experience"":9}","ACTIVE"
"cmioppgtx049m96tea4un6ccc","OPR-0365","SIM-VOM5PGB9","OPERATOR_ALAT_BERAT",3.581572066431422,"{""dump_truck"":true,""heavy_equipment"":true,""years_experience"":4}","ACTIVE"
"cmioppgu0049o96teehz52ip8","OPR-0366","SIM-MI01FM3Q","OPERATOR_ALAT_BERAT",4.897014483718985,"{""dump_truck"":true,""heavy_equipment"":true,""years_experience"":6}","ACTIVE"
"cmioppgu3049q96tep5vru18o","OPR-0367","SIM-46WC19J5","OPERATOR_ALAT_BERAT",4.221431935898401,"{""dump_truck"":true,""heavy_equipment"":true,""years_experience"":10}","ACTIVE"
"cmioppgu5049s96tefnj62fjo","OPR-0368","SIM-QUL5LGHU","OPERATOR_ALAT_BERAT",3.632607845170483,"{""dump_truck"":true,""heavy_equipment"":true,""years_experience"":8}","ACTIVE"
"cmioppgu7049u96teinbmhg14","OPR-0369","SIM-QZRPVCSD","OPERATOR_ALAT_BERAT",4.968910546627683,"{""dump_truck"":true,""heavy_equipment"":true,""years_experience"":1}","ACTIVE"
"cmioppgud049y96teegemmvcd","OPR-0371","SIM-J85RB1HD","SIM_B2",4.751841895943025,"{""dump_truck"":true,""heavy_equipment"":false,""years_experience"":10}","ON_LEAVE"
"cmioppguf04a096tefqbeix6n","OPR-0372","SIM-9R25LN8C","SIM_B2",3.683559421646518,"{""dump_truck"":true,""heavy_equipment"":false,""years_experience"":4}","ACTIVE"
"cmioppgul04a496te0y7fp6ku","OPR-0374","SIM-K3D22LJS","OPERATOR_ALAT_BERAT",4.419446371526222,"{""dump_truck"":true,""heavy_equipment"":true,""years_experience"":5}","ACTIVE"
"cmioppguo04a696teicfe9x4m","OPR-0375","SIM-12JV7L97","OPERATOR_ALAT_BERAT",3.799874609466985,"{""dump_truck"":true,""heavy_equipment"":true,""years_experience"":4}","ACTIVE"
"cmioppguq04a896te80acrsr7","OPR-0376","SIM-0MYPWK6A","OPERATOR_ALAT_BERAT",4.018674432322645,"{""dump_truck"":true,""heavy_equipment"":true,""years_experience"":9}","ACTIVE"
"cmioppgut04aa96tebppqwotv","OPR-0377","SIM-CP7Q3KC6","SIM_B2",4.964530620854013,"{""dump_truck"":true,""heavy_equipment"":false,""years_experience"":4}","ACTIVE"
"cmioppguv04ac96te5duqey6d","OPR-0378","SIM-SH8P7LKC","SIM_B2",4.512869597849202,"{""dump_truck"":true,""heavy_equipment"":false,""years_experience"":7}","ACTIVE"
"cmioppgux04ae96tembdc1oq5","OPR-0379","SIM-ZC0KK7CE","SIM_B2",3.503918813960015,"{""dump_truck"":true,""heavy_equipment"":false,""years_experience"":5}","ACTIVE"
"cmioppguz04ag96te9mx3tkvl","OPR-0380","SIM-OP71042Y","OPERATOR_ALAT_BERAT",3.50091068924648,"{""dump_truck"":true,""heavy_equipment"":true,""years_experience"":6}","ACTIVE"
"cmioppgv104ai96tewvtwq50m","OPR-0381","SIM-G8CXEY5N","OPERATOR_ALAT_BERAT",4.042028800955271,"{""dump_truck"":true,""heavy_equipment"":true,""years_experience"":10}","ACTIVE"
"cmioppgv404ak96tetbkoggkb","OPR-0382","SIM-XPXVNZPN","SIM_B2",3.591799235436598,"{""dump_truck"":true,""heavy_equipment"":false,""years_experience"":4}","ACTIVE"
"cmioppgv704am96tez5j04k78","OPR-0383","SIM-5LEA4ZGJ","OPERATOR_ALAT_BERAT",3.815971051865986,"{""dump_truck"":true,""heavy_equipment"":true,""years_experience"":7}","ACTIVE"
"cmioppgv904ao96tez4iw5218","OPR-0384","SIM-33FIXL3U","OPERATOR_ALAT_BERAT",3.536438378867508,"{""dump_truck"":true,""heavy_equipment"":true,""years_experience"":7}","ACTIVE"
"cmioppgvb04aq96tetc5yuxju","OPR-0385","SIM-U1BL6H0V","OPERATOR_ALAT_BERAT",4.703451082316291,"{""dump_truck"":true,""heavy_equipment"":true,""years_experience"":3}","ACTIVE"
"cmioppgve04as96teoolcuqk4","OPR-0386","SIM-PCRLL087","SIM_B2",4.021801318455831,"{""dump_truck"":true,""heavy_equipment"":false,""years_experience"":1}","ACTIVE"
"cmioppgvg04au96texbji0dxg","OPR-0387","SIM-U8JUKRKH","OPERATOR_ALAT_BERAT",4.639816597729121,"{""dump_truck"":true,""heavy_equipment"":true,""years_experience"":1}","ACTIVE"
"cmioppgvi04aw96teju1nvf2j","OPR-0388","SIM-498XPOTV","SIM_B2",4.511185024934749,"{""dump_truck"":true,""heavy_equipment"":false,""years_experience"":2}","ACTIVE"
"cmioppgvl04ay96te2kvanu9m","OPR-0389","SIM-TB2VWAH1","OPERATOR_ALAT_BERAT",3.621258636507452,"{""dump_truck"":true,""heavy_equipment"":true,""years_experience"":8}","ACTIVE"
"cmioppgvn04b096teaitqub6g","OPR-0390","SIM-GSEX3NFZ","SIM_B2",4.137045248029068,"{""dump_truck"":true,""heavy_equipment"":false,""years_experience"":6}","ACTIVE"
"cmioppgvq04b296ted18rcpeu","OPR-0391","SIM-BL48LEDA","OPERATOR_ALAT_BERAT",3.894983733169111,"{""dump_truck"":true,""heavy_equipment"":true,""years_experience"":9}","ACTIVE"
"cmioppgvs04b496teilyk6mhn","OPR-0392","SIM-MA8Y10PZ","SIM_B2",4.167203726457446,"{""dump_truck"":true,""heavy_equipment"":false,""years_experience"":3}","ACTIVE"
"cmioppgvu04b696tele6ujrmn","OPR-0393","SIM-RZPKBUHL","OPERATOR_ALAT_BERAT",4.514921697378123,"{""dump_truck"":true,""heavy_equipment"":true,""years_experience"":3}","ACTIVE"
"cmioppgvv04b896te1ds1idzv","OPR-0394","SIM-I97FMHD6","OPERATOR_ALAT_BERAT",4.690838444964393,"{""dump_truck"":true,""heavy_equipment"":true,""years_experience"":8}","ON_LEAVE"
"cmioppgvx04ba96te62b6825n","OPR-0395","SIM-VT6RRX49","SIM_B2",4.814430089786649,"{""dump_truck"":true,""heavy_equipment"":false,""years_experience"":4}","ACTIVE"
"cmioppgw004bc96tezup0vc4d","OPR-0396","SIM-WHZ7IEKP","OPERATOR_ALAT_BERAT",3.919622153757904,"{""dump_truck"":true,""heavy_equipment"":true,""years_experience"":7}","ACTIVE"
"cmioppgw204be96tea3zictyh","OPR-0397","SIM-I8DFFA4K","SIM_B2",4.906849755865915,"{""dump_truck"":true,""heavy_equipment"":false,""years_experience"":1}","ACTIVE"
"cmioppgw404bg96teao40169b","OPR-0398","SIM-OE6DKQI6","OPERATOR_ALAT_BERAT",4.853579888676625,"{""dump_truck"":true,""heavy_equipment"":true,""years_experience"":8}","ACTIVE"
"cmioppgw604bi96teoh83h7ko","OPR-0399","SIM-03DT45F8","OPERATOR_ALAT_BERAT",3.8431538850778,"{""dump_truck"":true,""heavy_equipment"":true,""years_experience"":4}","ACTIVE"
"cmioppgw804bk96tep3uabl3s","OPR-0400","SIM-2D5YKWVB","OPERATOR_ALAT_BERAT",4.039480981982523,"{""dump_truck"":true,""heavy_equipment"":true,""years_experience"":1}","ACTIVE"
"cmioppgwc04bo96tevbfagd7m","OPR-0402","SIM-SHPEPAQR","OPERATOR_ALAT_BERAT",3.92115177140582,"{""dump_truck"":true,""heavy_equipment"":true,""years_experience"":4}","ACTIVE"
"cmioppgwe04bq96tenpukk8jl","OPR-0403","SIM-KKTF1I3J","SIM_B2",4.478349661684246,"{""dump_truck"":true,""heavy_equipment"":false,""years_experience"":9}","SICK"
"cmioppgwi04bu96teshx2dv9s","OPR-0405","SIM-5D1S1L7F","OPERATOR_ALAT_BERAT",3.717837023754171,"{""dump_truck"":true,""heavy_equipment"":true,""years_experience"":5}","ON_LEAVE"
"cmioppgwl04bw96teso8c3j0o","OPR-0406","SIM-6LKUY1ZM","SIM_B2",4.568404495824915,"{""dump_truck"":true,""heavy_equipment"":false,""years_experience"":6}","ON_LEAVE"
"cmioppgwn04by96tesgvlje4n","OPR-0407","SIM-T4I33UPI","SIM_B2",4.515839500292316,"{""dump_truck"":true,""heavy_equipment"":false,""years_experience"":6}","ON_LEAVE"
"cmioppgwq04c096teozew5icf","OPR-0408","SIM-T7HZUPSX","OPERATOR_ALAT_BERAT",4.482350324664146,"{""dump_truck"":true,""heavy_equipment"":true,""years_experience"":1}","ACTIVE"
"cmioppgws04c296te4uen8mza","OPR-0409","SIM-ZQASRTJ5","SIM_B2",4.391542087371775,"{""dump_truck"":true,""heavy_equipment"":false,""years_experience"":6}","ACTIVE"
"cmioppgwu04c496tea7646sp8","OPR-0410","SIM-DGH96ICL","SIM_B2",4.064061177306753,"{""dump_truck"":true,""heavy_equipment"":false,""years_experience"":7}","ACTIVE"
"cmioppgww04c696te6i9wze8i","OPR-0411","SIM-4O76B116","OPERATOR_ALAT_BERAT",4.44536609013883,"{""dump_truck"":true,""heavy_equipment"":true,""years_experience"":9}","ACTIVE"
"cmioppgwz04c896tewq20bizk","OPR-0412","SIM-715I6CSM","SIM_B2",4.908094858455654,"{""dump_truck"":true,""heavy_equipment"":false,""years_experience"":1}","ACTIVE"
"cmioppgx204ca96teh1q8v2to","OPR-0413","SIM-GYMNQITE","OPERATOR_ALAT_BERAT",3.921204292304389,"{""dump_truck"":true,""heavy_equipment"":true,""years_experience"":7}","ACTIVE"
"cmioppgx504cc96teypmroj0f","OPR-0414","SIM-88YAIE3D","OPERATOR_ALAT_BERAT",4.788550550623508,"{""dump_truck"":true,""heavy_equipment"":true,""years_experience"":7}","ACTIVE"
"cmioppgx704ce96tecwxptqws","OPR-0415","SIM-UN17APS5","OPERATOR_ALAT_BERAT",4.270247588871432,"{""dump_truck"":true,""heavy_equipment"":true,""years_experience"":2}","ACTIVE"
"cmioppgxa04cg96teimwqlc8r","OPR-0416","SIM-B53KPF6M","OPERATOR_ALAT_BERAT",3.959123717528851,"{""dump_truck"":true,""heavy_equipment"":true,""years_experience"":7}","ACTIVE"
"cmioppgxd04ci96tetkx8chuu","OPR-0417","SIM-M25E6K5G","SIM_B2",4.675810951852501,"{""dump_truck"":true,""heavy_equipment"":false,""years_experience"":5}","ACTIVE"
"cmioppgxg04ck96te3bk20bkf","OPR-0418","SIM-MB461V68","OPERATOR_ALAT_BERAT",4.977198469297717,"{""dump_truck"":true,""heavy_equipment"":true,""years_experience"":1}","ACTIVE"
"cmioppgxi04cm96textzgwn7h","OPR-0419","SIM-OO5ND8ML","OPERATOR_ALAT_BERAT",3.528392023818434,"{""dump_truck"":true,""heavy_equipment"":true,""years_experience"":8}","ON_LEAVE"
"cmioppgxl04co96teeia9taii","OPR-0420","SIM-6ITTL4CU","SIM_B2",4.474759685430032,"{""dump_truck"":true,""heavy_equipment"":false,""years_experience"":7}","ON_LEAVE"
"cmioppgxn04cq96te1fa01tzi","OPR-0421","SIM-P6JNXUB9","OPERATOR_ALAT_BERAT",4.481679543992949,"{""dump_truck"":true,""heavy_equipment"":true,""years_experience"":9}","ACTIVE"
"cmioppgxp04cs96tea1z7bm2f","OPR-0422","SIM-00X9RXS0","OPERATOR_ALAT_BERAT",3.597230903427467,"{""dump_truck"":true,""heavy_equipment"":true,""years_experience"":3}","ACTIVE"
"cmioppgxs04cu96tekh9i9ubr","OPR-0423","SIM-P8CJHLOL","SIM_B2",4.020193352114759,"{""dump_truck"":true,""heavy_equipment"":false,""years_experience"":6}","ACTIVE"
"cmioppgxu04cw96ten0n2r886","OPR-0424","SIM-E9S55A38","SIM_B2",3.938511817644591,"{""dump_truck"":true,""heavy_equipment"":false,""years_experience"":1}","ON_LEAVE"
"cmioppgxx04cy96tekj8wio2s","OPR-0425","SIM-Y0T1BI5K","OPERATOR_ALAT_BERAT",4.160504170439784,"{""dump_truck"":true,""heavy_equipment"":true,""years_experience"":5}","ACTIVE"
"cmioppgy004d096te2e3msjyf","OPR-0426","SIM-ZE6N3A1R","SIM_B2",4.109365741037219,"{""dump_truck"":true,""heavy_equipment"":false,""years_experience"":4}","ACTIVE"
"cmioppgy204d296te5ifwt7bl","OPR-0427","SIM-7ZMMBIB2","SIM_B2",4.361391507843993,"{""dump_truck"":true,""heavy_equipment"":false,""years_experience"":10}","ON_LEAVE"
"cmioppgy404d496teidhnikja","OPR-0428","SIM-K6SHEC3R","OPERATOR_ALAT_BERAT",4.157224298340275,"{""dump_truck"":true,""heavy_equipment"":true,""years_experience"":8}","ON_LEAVE"
"cmioppgy604d696telwryyfx4","OPR-0429","SIM-VB6JR1P7","SIM_B2",4.448992522693553,"{""dump_truck"":true,""heavy_equipment"":false,""years_experience"":4}","SICK"
"cmioppgy804d896tez0s25elu","OPR-0430","SIM-GZMJ7TCO","SIM_B2",3.878945834985815,"{""dump_truck"":true,""heavy_equipment"":false,""years_experience"":1}","ON_LEAVE"
"cmioppgya04da96texhdfc21c","OPR-0431","SIM-EJ3LEOX9","SIM_B2",3.502415034189215,"{""dump_truck"":true,""heavy_equipment"":false,""years_experience"":8}","ACTIVE"
"cmioppgye04de96teuuu6w55r","OPR-0433","SIM-IBTIDWAZ","OPERATOR_ALAT_BERAT",3.598024393404122,"{""dump_truck"":true,""heavy_equipment"":true,""years_experience"":1}","ACTIVE"
"cmioppgyg04dg96tedlozfx29","OPR-0434","SIM-MXRFRECA","OPERATOR_ALAT_BERAT",3.708652554032787,"{""dump_truck"":true,""heavy_equipment"":true,""years_experience"":1}","ACTIVE"
"cmioppgyk04dk96tekqwnvmur","OPR-0436","SIM-Q53MYGKJ","SIM_B2",4.799103579203653,"{""dump_truck"":true,""heavy_equipment"":false,""years_experience"":10}","ACTIVE"
"cmioppgyn04dm96tepi8z8suw","OPR-0437","SIM-JBYOTPGF","OPERATOR_ALAT_BERAT",4.82613166871626,"{""dump_truck"":true,""heavy_equipment"":true,""years_experience"":1}","ACTIVE"
"cmioppgyp04do96tedr0i4b2x","OPR-0438","SIM-JHQUHHA0","SIM_B2",4.152929716613435,"{""dump_truck"":true,""heavy_equipment"":false,""years_experience"":1}","ACTIVE"
"cmioppgys04dq96te0xzujgl7","OPR-0439","SIM-G2ETRU6R","OPERATOR_ALAT_BERAT",3.518481830107858,"{""dump_truck"":true,""heavy_equipment"":true,""years_experience"":4}","ACTIVE"
"cmioppgyv04ds96teihmusmdp","OPR-0440","SIM-NIJ4QYBB","OPERATOR_ALAT_BERAT",4.731685978649718,"{""dump_truck"":true,""heavy_equipment"":true,""years_experience"":10}","ACTIVE"
"cmioppgyy04du96teixmzjaw9","OPR-0441","SIM-3KRFOAKN","OPERATOR_ALAT_BERAT",4.256847197360779,"{""dump_truck"":true,""heavy_equipment"":true,""years_experience"":8}","ACTIVE"
"cmioppgz004dw96terqgj9kso","OPR-0442","SIM-W77XS173","SIM_B2",4.728301472396297,"{""dump_truck"":true,""heavy_equipment"":false,""years_experience"":2}","ACTIVE"
"cmioppgz304dy96tec3rdqhw4","OPR-0443","SIM-A8I46OA8","OPERATOR_ALAT_BERAT",4.135326590948329,"{""dump_truck"":true,""heavy_equipment"":true,""years_experience"":3}","ACTIVE"
"cmioppgz504e096te4qk8qkz3","OPR-0444","SIM-TWIJT310","OPERATOR_ALAT_BERAT",4.501577117730887,"{""dump_truck"":true,""heavy_equipment"":true,""years_experience"":8}","ACTIVE"
"cmioppgz704e296te8gcpp9pc","OPR-0445","SIM-EGHBRUHO","SIM_B2",3.555543844755451,"{""dump_truck"":true,""heavy_equipment"":false,""years_experience"":10}","ACTIVE"
"cmioppgz904e496te1fyjn361","OPR-0446","SIM-WMQAODRL","SIM_B2",4.488552250140152,"{""dump_truck"":true,""heavy_equipment"":false,""years_experience"":3}","ACTIVE"
"cmioppgzc04e696tehe13izw6","OPR-0447","SIM-FY2WDBC0","OPERATOR_ALAT_BERAT",3.762720910911079,"{""dump_truck"":true,""heavy_equipment"":true,""years_experience"":8}","ACTIVE"
"cmioppgze04e896tell5yfzxr","OPR-0448","SIM-D2SGWZS3","SIM_B2",4.655061089870237,"{""dump_truck"":true,""heavy_equipment"":false,""years_experience"":7}","ACTIVE"
"cmioppgzg04ea96telxdcj5gg","OPR-0449","SIM-JXU5S40V","OPERATOR_ALAT_BERAT",4.644637195948637,"{""dump_truck"":true,""heavy_equipment"":true,""years_experience"":7}","ACTIVE"
"cmioppgzi04ec96ter3e1yd0x","OPR-0450","SIM-VBIHNRMC","SIM_B2",4.218942815919217,"{""dump_truck"":true,""heavy_equipment"":false,""years_experience"":6}","ON_LEAVE"
"cmioppgzk04ee96te32d8kyxr","OPR-0451","SIM-24VG4TX5","SIM_B2",4.350207593159544,"{""dump_truck"":true,""heavy_equipment"":false,""years_experience"":9}","ACTIVE"
"cmioppgzm04eg96tetd2lbrex","OPR-0452","SIM-0EN919R2","SIM_B2",3.973160539697715,"{""dump_truck"":true,""heavy_equipment"":false,""years_experience"":10}","ACTIVE"
"cmioppgzo04ei96teosprxxjo","OPR-0453","SIM-ZW4FDSIP","OPERATOR_ALAT_BERAT",4.091745949363792,"{""dump_truck"":true,""heavy_equipment"":true,""years_experience"":5}","ACTIVE"
"cmioppgzp04ek96tewveuj0fr","OPR-0454","SIM-4O5R7MSU","OPERATOR_ALAT_BERAT",4.362938623649629,"{""dump_truck"":true,""heavy_equipment"":true,""years_experience"":2}","ACTIVE"
"cmioppgzs04em96tebj3y0e75","OPR-0455","SIM-RSRG96KC","OPERATOR_ALAT_BERAT",4.769631420862273,"{""dump_truck"":true,""heavy_equipment"":true,""years_experience"":4}","ACTIVE"
"cmioppgzu04eo96tevr4qvedm","OPR-0456","SIM-WI5EWSHJ","OPERATOR_ALAT_BERAT",3.989060103034963,"{""dump_truck"":true,""heavy_equipment"":true,""years_experience"":6}","ACTIVE"
"cmioppgzw04eq96terfzlzpkg","OPR-0457","SIM-GL93FW33","SIM_B2",4.750610488393182,"{""dump_truck"":true,""heavy_equipment"":false,""years_experience"":5}","ACTIVE"
"cmioppgzy04es96tetr29v4ur","OPR-0458","SIM-IN8QU87W","OPERATOR_ALAT_BERAT",4.313280186311164,"{""dump_truck"":true,""heavy_equipment"":true,""years_experience"":1}","ACTIVE"
"cmiopph0004eu96teey2sg5kx","OPR-0459","SIM-GU5RV5MQ","SIM_B2",4.717044471851851,"{""dump_truck"":true,""heavy_equipment"":false,""years_experience"":4}","SICK"
"cmiopph0204ew96te6mfd6t0n","OPR-0460","SIM-RVJH69B6","SIM_B2",3.870651082152245,"{""dump_truck"":true,""heavy_equipment"":false,""years_experience"":8}","ACTIVE"
"cmiopph0404ey96te57kmfgni","OPR-0461","SIM-9C8NE4E5","SIM_B2",4.819311631091701,"{""dump_truck"":true,""heavy_equipment"":false,""years_experience"":5}","ACTIVE"
"cmiopph0604f096tega365q20","OPR-0462","SIM-NIJXWYK2","OPERATOR_ALAT_BERAT",4.499683602102925,"{""dump_truck"":true,""heavy_equipment"":true,""years_experience"":8}","ACTIVE"
"cmiopph0a04f496tezkb58l2h","OPR-0464","SIM-NGKL9Q1Y","SIM_B2",4.338724558781271,"{""dump_truck"":true,""heavy_equipment"":false,""years_experience"":6}","ACTIVE"
"cmiopph0c04f696te4g9kf724","OPR-0465","SIM-3UU9LT2W","SIM_B2",4.550262695110744,"{""dump_truck"":true,""heavy_equipment"":false,""years_experience"":8}","ACTIVE"
"cmioppg8403qy96teq817zv03","OPR-0029","SIM-D8JHSYMX","SIM_B2",4.753930167193181,"{""dump_truck"":true,""heavy_equipment"":false,""years_experience"":3}","ACTIVE"
"cmioppg8d03r496terci3r0o7","OPR-0032","SIM-BF2UZHI5","OPERATOR_ALAT_BERAT",4.17301883329695,"{""dump_truck"":true,""heavy_equipment"":true,""years_experience"":10}","ACTIVE"
"cmioppgac03so96teueu8vb8v","OPR-0060","SIM-67LU32NJ","OPERATOR_ALAT_BERAT",4.416124066915393,"{""dump_truck"":true,""heavy_equipment"":true,""years_experience"":5}","ACTIVE"
"cmioppgai03su96tep2d42qas","OPR-0063","SIM-DPMB6RFX","OPERATOR_ALAT_BERAT",4.89349433413633,"{""dump_truck"":true,""heavy_equipment"":true,""years_experience"":8}","ACTIVE"
"cmioppgce03ue96teq4cpowv4","OPR-0091","SIM-XYD04039","SIM_B2",4.579963347835542,"{""dump_truck"":true,""heavy_equipment"":false,""years_experience"":1}","ACTIVE"
"cmioppgcn03uk96te4yirb9ze","OPR-0094","SIM-RVN6MPAN","SIM_B2",3.567257940998544,"{""dump_truck"":true,""heavy_equipment"":false,""years_experience"":7}","ACTIVE"
"cmioppged03w496te5vunhbsj","OPR-0122","SIM-VIUG2HL0","OPERATOR_ALAT_BERAT",4.792813531966144,"{""dump_truck"":true,""heavy_equipment"":true,""years_experience"":8}","ACTIVE"
"cmioppgek03wa96te0tksy9z3","OPR-0125","SIM-LRII3L0F","SIM_B2",3.771070365526666,"{""dump_truck"":true,""heavy_equipment"":false,""years_experience"":1}","ACTIVE"
"cmioppgg003xu96te0i1f03ws","OPR-0153","SIM-KAJSAOYU","OPERATOR_ALAT_BERAT",4.555691045653838,"{""dump_truck"":true,""heavy_equipment"":true,""years_experience"":10}","ON_LEAVE"
"cmioppgg503y096tedeegdk74","OPR-0156","SIM-E29XQPZF","OPERATOR_ALAT_BERAT",3.769017405976282,"{""dump_truck"":true,""heavy_equipment"":true,""years_experience"":7}","ACTIVE"
"cmioppghp03zk96tef28b74yb","OPR-0184","SIM-TBORFZN2","SIM_B2",3.534948947315117,"{""dump_truck"":true,""heavy_equipment"":false,""years_experience"":5}","ACTIVE"
"cmioppgis03zq96teriz7gmc5","OPR-0187","SIM-DA48ZB60","SIM_B2",4.648233960827064,"{""dump_truck"":true,""heavy_equipment"":false,""years_experience"":7}","ACTIVE"
"cmioppgkh041a96te4k93yuzy","OPR-0215","SIM-QL8WU4W0","SIM_B2",4.87660156901654,"{""dump_truck"":true,""heavy_equipment"":false,""years_experience"":7}","ACTIVE"
"cmioppgkn041g96tepq6qhamf","OPR-0218","SIM-YF3BO6MO","OPERATOR_ALAT_BERAT",4.18037750810499,"{""dump_truck"":true,""heavy_equipment"":true,""years_experience"":4}","ACTIVE"
"cmioppgm7043096te13237e6r","OPR-0246","SIM-VEB5L14Q","SIM_B2",4.112721212788263,"{""dump_truck"":true,""heavy_equipment"":false,""years_experience"":1}","ACTIVE"
"cmiopph0f04fa96tepbx61er0","OPR-0467","SIM-2YD6Q4W3","SIM_B2",3.99750584815715,"{""dump_truck"":true,""heavy_equipment"":false,""years_experience"":1}","ACTIVE"
"cmiopph0h04fc96te0u75hh4w","OPR-0468","SIM-C9S0JMJE","SIM_B2",4.717470195027731,"{""dump_truck"":true,""heavy_equipment"":false,""years_experience"":9}","ACTIVE"
"cmiopph0j04fe96tewjjdambf","OPR-0469","SIM-319RRGIG","OPERATOR_ALAT_BERAT",4.190211780443754,"{""dump_truck"":true,""heavy_equipment"":true,""years_experience"":5}","ACTIVE"
"cmiopph0k04fg96te8t8t11kz","OPR-0470","SIM-YH59DJ3L","SIM_B2",4.024986087782812,"{""dump_truck"":true,""heavy_equipment"":false,""years_experience"":7}","ACTIVE"
"cmiopph0m04fi96teamf3f7g5","OPR-0471","SIM-U9E598LW","OPERATOR_ALAT_BERAT",4.574433340545761,"{""dump_truck"":true,""heavy_equipment"":true,""years_experience"":5}","ACTIVE"
"cmiopph0o04fk96tehethb9hl","OPR-0472","SIM-2TQFY730","SIM_B2",3.852459050386197,"{""dump_truck"":true,""heavy_equipment"":false,""years_experience"":3}","ACTIVE"
"cmiopph0q04fm96te9mng4hvk","OPR-0473","SIM-BAX5T1D0","OPERATOR_ALAT_BERAT",4.787455301743849,"{""dump_truck"":true,""heavy_equipment"":true,""years_experience"":2}","ACTIVE"
"cmiopph0t04fo96telk90k0bw","OPR-0474","SIM-EMOX5Z7Y","OPERATOR_ALAT_BERAT",4.425557455840289,"{""dump_truck"":true,""heavy_equipment"":true,""years_experience"":10}","ACTIVE"
"cmiopph0v04fq96tevtwncyed","OPR-0475","SIM-WJT3ZE96","OPERATOR_ALAT_BERAT",3.805975982115403,"{""dump_truck"":true,""heavy_equipment"":true,""years_experience"":3}","ACTIVE"
"cmiopph0w04fs96teka89qp6s","OPR-0476","SIM-ZLKN7DPR","SIM_B2",4.716327594661433,"{""dump_truck"":true,""heavy_equipment"":false,""years_experience"":5}","SICK"
"cmiopph0y04fu96teolxm9wof","OPR-0477","SIM-0KB1542I","OPERATOR_ALAT_BERAT",3.707818982920689,"{""dump_truck"":true,""heavy_equipment"":true,""years_experience"":3}","ACTIVE"
"cmiopph0z04fw96teu8yy7omz","OPR-0478","SIM-V53F75T5","OPERATOR_ALAT_BERAT",4.314816063891556,"{""dump_truck"":true,""heavy_equipment"":true,""years_experience"":7}","SICK"
"cmiopph1104fy96te04e3nlgw","OPR-0479","SIM-O32XQUJ0","OPERATOR_ALAT_BERAT",4.065957309759453,"{""dump_truck"":true,""heavy_equipment"":true,""years_experience"":3}","ACTIVE"
"cmiopph1304g096te58ntvnhy","OPR-0480","SIM-C57OCEWX","SIM_B2",4.327713904686812,"{""dump_truck"":true,""heavy_equipment"":false,""years_experience"":7}","ACTIVE"
"cmioppg5i03pe96ten2zoq8z5","OPR-0001","SIM-2TUW2H54","SIM_B2",4.446956618641932,"{""dump_truck"":true,""heavy_equipment"":false,""years_experience"":8}","ACTIVE"
"cmioppgme043696tet5nuxbj1","OPR-0249","SIM-XDZFJLSZ","OPERATOR_ALAT_BERAT",4.67403319894149,"{""dump_truck"":true,""heavy_equipment"":true,""years_experience"":9}","ACTIVE"
"cmioppgny044q96te40aslfpw","OPR-0277","SIM-YWDXOZAW","OPERATOR_ALAT_BERAT",3.733126370454499,"{""dump_truck"":true,""heavy_equipment"":true,""years_experience"":7}","SICK"
"cmioppgo3044w96tebuh9uxea","OPR-0280","SIM-JEMFOVZ5","SIM_B2",4.002431938898447,"{""dump_truck"":true,""heavy_equipment"":false,""years_experience"":3}","ACTIVE"
"cmioppgpm046g96te0rqpungz","OPR-0308","SIM-DFSUT8KJ","SIM_B2",3.588633279941484,"{""dump_truck"":true,""heavy_equipment"":false,""years_experience"":10}","ACTIVE"
"cmioppgps046m96telyjf51tc","OPR-0311","SIM-DUK766VM","OPERATOR_ALAT_BERAT",4.237939593603231,"{""dump_truck"":true,""heavy_equipment"":true,""years_experience"":6}","ACTIVE"
"cmioppgs9048696tephyxkg9j","OPR-0339","SIM-T89ZHK7D","SIM_B2",4.143971907304397,"{""dump_truck"":true,""heavy_equipment"":false,""years_experience"":5}","ACTIVE"
"cmioppgsh048c96teedtpwe2m","OPR-0342","SIM-RXCAF4R0","OPERATOR_ALAT_BERAT",3.727110263495617,"{""dump_truck"":true,""heavy_equipment"":true,""years_experience"":5}","ACTIVE"
"cmioppgub049w96tee9kdt0bf","OPR-0370","SIM-0A8VQ9HK","OPERATOR_ALAT_BERAT",4.786668896718071,"{""dump_truck"":true,""heavy_equipment"":true,""years_experience"":7}","ACTIVE"
"cmioppgui04a296te4dqhyabw","OPR-0373","SIM-J1HAEHJZ","OPERATOR_ALAT_BERAT",4.858476599492452,"{""dump_truck"":true,""heavy_equipment"":true,""years_experience"":5}","ACTIVE"
"cmioppgwa04bm96tekvhhzpi6","OPR-0401","SIM-13LIYCQQ","OPERATOR_ALAT_BERAT",4.134580779189521,"{""dump_truck"":true,""heavy_equipment"":true,""years_experience"":9}","ACTIVE"
"cmioppgwg04bs96tegx2udpky","OPR-0404","SIM-J3X9LHRU","OPERATOR_ALAT_BERAT",4.707186257910564,"{""dump_truck"":true,""heavy_equipment"":true,""years_experience"":6}","SICK"
"cmioppgyc04dc96tedt0crmc4","OPR-0432","SIM-YPNIAKTN","OPERATOR_ALAT_BERAT",4.300367384952618,"{""dump_truck"":true,""heavy_equipment"":true,""years_experience"":6}","ACTIVE"
"cmioppgyi04di96tee8gic1p8","OPR-0435","SIM-I12M71NA","OPERATOR_ALAT_BERAT",3.564339610830703,"{""dump_truck"":true,""heavy_equipment"":true,""years_experience"":7}","ACTIVE"
"cmiopph0804f296tetfynylh1","OPR-0463","SIM-Z2K27MN1","OPERATOR_ALAT_BERAT",4.331196663410123,"{""dump_truck"":true,""heavy_equipment"":true,""years_experience"":8}","ACTIVE"
"cmiopph0e04f896tepkjv0qth","OPR-0466","SIM-KSS2GTIH","SIM_B2",3.899093425631052,"{""dump_truck"":true,""heavy_equipment"":false,""years_experience"":3}","ACTIVE"
"cmipje8lp0005w16079varj10","OPR-871448","SIM-X9989","SIM_B2",5,"{""dump_truck"":false,""heavy_equipment"":true,""years_experience"":2}","ACTIVE"
"cmipj55090002w160qwnahd4j","OPR-479335","SIM-3149248924","SIM_B2",5,,"ACTIVE"